4, 0.025,  SIGMOID, 53.4740479, 51.87305061, 53.04267987, 52.79659279
4, 0.025,  TANH, , 33.72963591, 33.69315927, 36.52207775
4, 0.025,  RELU, , 38.95566887, 38.98995129, 45.63110535
4, 0.05,  SIGMOID, 51.65596826, 51.4921375, 50.31598098, 51.15469558
4, 0.05,  TANH, 33.95061149, 34.09499706, 33.95122043, 33.99894299
4, 0.05,  RELU, , 43.18139616, 51.54114809, 43.76511416
4, 0.075,  SIGMOID, , 50.81732136, 51.18425109, 44.93344008
4, 0.075,  TANH, 34.44304522, 34.40269436, 35.1181972, 34.65464559
4, 0.075,  RELU, 40.28846436, , 38.47406852, 43.74308828
4, 0.1,  SIGMOID, , 34.08582245, 33.10992982, 38.3640609
4, 0.1,  TANH, 35.27460964, 35.85690322, 35.51753922, 35.54968402
4, 0.1,  RELU, 37.84542615, 40.36077329, 39.30635585, 39.17085176
4, 0.125,  SIGMOID, 33.28531869, 33.47577826, 32.76402142, 33.17503946
4, 0.125,  TANH, 36.24780241, 36.28019906, 36.15045987, 36.22615378
4, 0.125,  RELU, 37.56604112, 38.07317172, , 41.79151404
4, 0.15,  SIGMOID, 33.23131993, 33.64986143, 34.35047767, 33.74388634
4, 0.15,  TANH, 36.7818749, 36.7955391, 36.81513459, 36.79751619
4, 0.15,  RELU, 48.73560921, , 49.04362006, 45.32011533
4, 0.175,  SIGMOID, 33.04143553, 33.03859609, 33.52144016, 33.20049059
4, 0.175,  TANH, 37.27856777, 37.29777945, 37.40748119, 37.3279428
4, 0.175,  RELU, 42.91152194, 38.02591343, 43.09301807, 41.34348448
4, 0.2,  SIGMOID, 33.33793914, 33.21667819, 31.82806136, 32.79422623
4, 0.2,  TANH, 37.81172888, , 37.67308769, 40.54896446
4, 0.2,  RELU, 40.87560863, , 38.01165904, 47.77240706
4, 0.225,  SIGMOID, 33.42611658, 33.22183403, 34.84113006, 33.82969356
4, 0.225,  TANH, 37.81794004, 37.93528492, 37.94802322, 37.90041606
4, 0.225,  RELU, , 54.71501795, 38.16800876, 50.96926032
4, 0.25,  SIGMOID, 33.36894249, 34.69054248, 33.30500839, 33.78816445
4, 0.25,  TANH, 37.71639929, 37.90954614, 37.82977805, 37.81857449
4, 0.25,  RELU, , 40.04442306, 49.19999211, 49.57727612
4, 0.275,  SIGMOID, 33.25443754, 33.52507183, 33.80327746, 33.52759561
4, 0.275,  TANH, 38.1692207, 37.90061175, 37.92342755, 37.99775334
4, 0.275,  RELU, 61.95691932, 64.22752034, , 56.0097666
4, 0.3,  SIGMOID, 33.32817017, 33.18826273, 33.29791219, 33.27144836
4, 0.3,  TANH, 37.80215972, 37.94137882, 37.85746879, 37.86700244
4, 0.3,  RELU, 44.45166433, 49.26607544, 42.85937748, 45.52570575
4, 0.325,  SIGMOID, 32.51576106, 33.79315064, 33.7253495, 33.34475373
4, 0.325,  TANH, 37.63081973, 38.06714579, 37.89798526, 37.86531692
4, 0.325,  RELU, , 39.72857807, 43.36763849, 48.40090131
4, 0.35,  SIGMOID, 34.34762987, 34.59190835, 34.01160989, 34.31704937
4, 0.35,  TANH, 38.10052265, 38.11543971, 37.92435218, 38.04677152
4, 0.35,  RELU, 45.09541225, 45.16367911, 44.31133118, 44.85680751
4, 0.375,  SIGMOID, 34.13092522, 33.97945915, 33.14884039, 33.75307492
4, 0.375,  TANH, 38.05533376, 37.80555441, 38.11195959, 37.99094925
4, 0.375,  RELU, 45.33656321, , 42.37269059, 47.58532602
4, 0.4,  SIGMOID, 32.39201557, 33.62131034, 34.62778828, 33.54703806
4, 0.4,  TANH, 37.74317358, 37.86001053, 38.18623314, 37.92980575
4, 0.4,  RELU, 43.77176943, , 41.86661916, 46.30120963
4, 0.425,  SIGMOID, 33.67616206, 33.70605214, 33.79859759, 33.72693727
4, 0.425,  TANH, 37.85129667, 38.06258128, 37.74769906, 37.88719234
4, 0.425,  RELU, 49.04867644, , 43.58402914, 55.05735301
4, 0.45,  SIGMOID, 34.08515039, 33.87622047, 34.94483303, 34.30206796
4, 0.45,  TANH, 37.45047529, 37.56246268, 37.63554754, 37.54949517
4, 0.45,  RELU, , 53.72878387, 44.04736473, 59.58767709
4, 0.475,  SIGMOID, 32.90860718, 34.07463426, 33.55643097, 33.51322414
4, 0.475,  TANH, 37.2420987, 37.26051205, 37.35355412, 37.28538829
4, 0.475,  RELU, 54.13776118, 55.11011332, , 49.91641605
4, 0.5,  SIGMOID, 32.90127184, 34.60804553, 33.72817148, 33.74582962
4, 0.5,  TANH, 36.8574003, 37.14606738, 37.15926564, 37.05424444
4, 0.5,  RELU, 55.76078133, , 59.29227467, 53.63499691
5, 0.025,  SIGMOID, 52.30882153, 52.81635388, 52.55770367, 52.56095969
5, 0.025,  TANH, 33.61971181, , 33.69504514, 36.75149386
5, 0.025,  RELU, 37.83723571, 45.63033878, 41.27781627, 41.58179692
5, 0.05,  SIGMOID, 49.92651438, 50.24986854, 51.83408811, 50.67015701
5, 0.05,  TANH, 33.94635645, 34.13836408, 34.50553162, 34.19675072
5, 0.05,  RELU, 42.22601873, 40.90907736, 38.07174957, 40.40228189
5, 0.075,  SIGMOID, , 34.26778609, 32.95100831, 39.33918308
5, 0.075,  TANH, 34.47045783, 34.72196191, 34.46013936, 34.55085303
5, 0.075,  RELU, 36.69181492, 39.91264007, 37.82886956, 38.14444152
5, 0.1,  SIGMOID, , 34.6021312, 33.62778179, 38.62945207
5, 0.1,  TANH, 35.10873854, 35.62273546, 35.44284324, 35.39143908
5, 0.1,  RELU, 38.05270553, , 34.7122069, 40.42549826
5, 0.125,  SIGMOID, 33.48451069, 33.87193776, 33.04685443, 33.46776763
5, 0.125,  TANH, 36.06006136, 36.20056149, 36.01797348, 36.09286544
5, 0.125,  RELU, , 37.05438567, 37.74760119, 39.32179608
5, 0.15,  SIGMOID, 33.2655618, 33.47403481, 34.31946453, 33.68635371
5, 0.15,  TANH, , 37.05686997, 36.49337031, 39.69258257
5, 0.15,  RELU, , 49.20624759, 61.00794205, 48.3945306
5, 0.175,  SIGMOID, 33.99043725, 33.35253383, 34.14654305, 33.82983804
5, 0.175,  TANH, 37.37708488, 37.2536749, 37.37773703, 37.3361656
5, 0.175,  RELU, 37.5589277, , 37.46923297, 42.92696018
5, 0.2,  SIGMOID, 33.35267131, 33.68894139, 33.49454106, 33.51205125
5, 0.2,  TANH, 37.27725066, 37.35530147, 36.75400467, 37.12885227
5, 0.2,  RELU, 52.1538602, 51.85278288, , 54.6666944
5, 0.225,  SIGMOID, 35.30086231, 33.48414701, 33.72943586, 34.17148173
5, 0.225,  TANH, 37.69938265, 37.76274251, 37.49919532, 37.65377349
5, 0.225,  RELU, , 42.55325743, 38.70953316, 43.240576
5, 0.25,  SIGMOID, 35.33335741, 35.1509049, 33.41373699, 34.63266643
5, 0.25,  TANH, 37.62461074, 37.966872, 38.04509651, 37.87885975
5, 0.25,  RELU, 37.67972233, 37.80622181, , 40.21212763
5, 0.275,  SIGMOID, 35.09027744, 33.48515599, 33.35473965, 33.97672436
5, 0.275,  TANH, 37.89758403, 38.01263535, 37.9063471, 37.93885549
5, 0.275,  RELU, 42.21728422, , 40.45256679, 39.12750647
5, 0.3,  SIGMOID, 35.07122199, 33.93648478, 33.18013335, 34.06261338
5, 0.3,  TANH, 37.79865224, 37.87131152, 38.13218029, 37.93404801
5, 0.3,  RELU, , 39.90187507, 44.93971226, 48.92261442
5, 0.325,  SIGMOID, 33.77935509, 35.17863782, 32.77612672, 33.91137321
5, 0.325,  TANH, 37.98015069, 38.08976673, 37.90387269, 37.99126337
5, 0.325,  RELU, 39.82734488, 41.1201847, 45.0668827, 42.00480409
5, 0.35,  SIGMOID, 34.35028958, 33.93746283, 35.16201463, 34.48325568
5, 0.35,  TANH, 38.11282872, 37.82789339, 37.95177006, 37.96416406
5, 0.35,  RELU, , 69.91425782, 49.43796586, 53.48268097
5, 0.375,  SIGMOID, 33.66395665, 34.89995189, 33.85935466, 34.14108773
5, 0.375,  TANH, 37.59241784, 37.76287307, 37.77595095, 37.71041396
5, 0.375,  RELU, 36.90197169, , 41.64459887, 42.74176268
5, 0.4,  SIGMOID, 35.37605378, 33.82532325, 34.98318914, 34.72818872
5, 0.4,  TANH, 37.80112416, 37.50135579, 37.41776708, 37.57341567
5, 0.4,  RELU, 48.54466536, 40.87579026, 45.18751813, 44.86932458
5, 0.425,  SIGMOID, 33.8865022, 33.52394652, 34.38340971, 33.93128614
5, 0.425,  TANH, 37.61682295, 37.58181082, 38.00257581, 37.73373653
5, 0.425,  RELU, , 44.26799339, 43.86735301, 46.99661126
5, 0.45,  SIGMOID, 34.44705883, 34.14497329, 33.90936329, 34.1671318
5, 0.45,  TANH, 37.45911049, 37.44352143, 37.18339695, 37.36200962
5, 0.45,  RELU, 44.74015259, 43.98557335, 42.93007076, 43.88526557
5, 0.475,  SIGMOID, 33.43261535, 34.4965072, 35.27065107, 34.39992454
5, 0.475,  TANH, 37.21158685, 37.25375995, 37.26008407, 37.24181029
5, 0.475,  RELU, 42.36518281, 46.67943263, 42.53299534, 43.8592036
5, 0.5,  SIGMOID, 33.80257458, 33.77857778, 33.4461261, 33.67575949
5, 0.5,  TANH, 37.1105606, 36.80614202, 36.84012875, 36.91894379
5, 0.5,  RELU, , 52.25168398, 56.78886396, 52.04054606
6, 0.025,  SIGMOID, 53.12978423, 53.08678658, 52.91828491, 53.04495191
6, 0.025,  TANH, 33.84471832, 33.63865238, 35.06208829, 34.18181966
6, 0.025,  RELU, 37.12987816, 35.54420723, , 43.78841458
6, 0.05,  SIGMOID, 50.23720706, 51.41220026, 51.45744981, 51.03561904
6, 0.05,  TANH, 34.09835618, 35.55239986, , 37.42555101
6, 0.05,  RELU, , 39.3561045, 44.32125083, 45.49041095
6, 0.075,  SIGMOID, 51.10060498, , 50.50945884, 45.38814947
6, 0.075,  TANH, 34.91760184, 34.65189163, 34.52359506, 34.69769618
6, 0.075,  RELU, 36.81928173, , 39.19771019, 41.2871788
6, 0.1,  SIGMOID, 34.72740004, 33.35913552, , 38.71763457
6, 0.1,  TANH, 35.345798, 35.95701337, 35.56788464, 35.62356534
6, 0.1,  RELU, 36.54806023, , 37.38044643, 42.44228395
6, 0.125,  SIGMOID, 35.28362104, 34.45604419, 35.03844857, 34.92603793
6, 0.125,  TANH, 39.68890431, 36.17499269, 36.55658601, 37.47349434
6, 0.125,  RELU, 38.70822694, 39.3690788, 42.40108829, 40.15946468
6, 0.15,  SIGMOID, 34.27264749, 34.5828612, 34.56102989, 34.47217953
6, 0.15,  TANH, 37.55222811, 36.68761513, 36.58942572, 36.94308965
6, 0.15,  RELU, 35.53161582, 38.57088254, 37.61978922, 37.24076253
6, 0.175,  SIGMOID, 34.38774034, 34.98601254, 33.41446041, 34.26273776
6, 0.175,  TANH, 37.02188694, 36.97684942, 37.10317524, 37.03397053
6, 0.175,  RELU, 40.15133258, 34.61102982, 35.66783093, 36.81006444
6, 0.2,  SIGMOID, 33.27948046, 33.61801271, 34.6359392, 33.84447746
6, 0.2,  TANH, 37.31207629, 37.13372065, 37.48803931, 37.31127875
6, 0.2,  RELU, , 38.41168999, 35.18019672, 43.9617891
6, 0.225,  SIGMOID, 34.25596461, 34.3503452, 33.35629775, 33.98753586
6, 0.225,  TANH, 37.71141531, 37.66482628, 37.73980935, 37.70535031
6, 0.225,  RELU, 40.63536509, 41.7416056, 35.66942038, 39.34879702
6, 0.25,  SIGMOID, 33.35478012, 34.20776822, 34.44291947, 34.0018226
6, 0.25,  TANH, 37.90430107, 37.38685342, 37.87470034, 37.72195161
6, 0.25,  RELU, 41.01365053, 38.55155269, 36.20959526, 38.59159949
6, 0.275,  SIGMOID, 34.8582204, 33.53587823, 34.41215772, 34.26875212
6, 0.275,  TANH, 37.84056075, 37.93667007, 37.62351702, 37.80024928
6, 0.275,  RELU, 39.48322322, 39.37028862, 40.47784926, 39.77712037
6, 0.3,  SIGMOID, 33.7182875, 35.3003302, 34.65610827, 34.55824199
6, 0.3,  TANH, 37.49570964, 37.94188033, 37.65120574, 37.69626524
6, 0.3,  RELU, 39.72902096, 37.1548208, 41.97853281, 39.62079152
6, 0.325,  SIGMOID, 33.63951398, 34.28756961, 34.77882051, 34.23530137
6, 0.325,  TANH, 37.75103237, 38.02845355, 37.92360822, 37.90103138
6, 0.325,  RELU, 38.72074498, 38.95813223, , 40.9770065
6, 0.35,  SIGMOID, 34.92886945, 34.3287046, 35.04789032, 34.76848812
6, 0.35,  TANH, 37.86726373, 37.84033231, 37.96582017, 37.89113874
6, 0.35,  RELU, , 69.74643698, 47.93698109, 52.93595323
6, 0.375,  SIGMOID, 34.08737094, 34.45305884, 34.42280583, 34.32107854
6, 0.375,  TANH, 38.0076303, 37.5849458, 37.56258781, 37.71838797
6, 0.375,  RELU, , 40.16524303, 40.15262384, 41.86468103
6, 0.4,  SIGMOID, 32.23284523, 34.46678498, 35.7011465, 34.13359224
6, 0.4,  TANH, 37.68983137, 37.59174697, 37.87222931, 37.71793588
6, 0.4,  RELU, , 52.04088424, 46.01632239, 46.31917201
6, 0.425,  SIGMOID, 34.37842571, 34.98697422, 34.82872494, 34.73137496
6, 0.425,  TANH, 37.62374939, 37.46703107, 37.49198497, 37.52758848
6, 0.425,  RELU, , 42.38228809, 46.63445695, 48.19303519
6, 0.45,  SIGMOID, 34.75690413, 32.81495162, 35.0421466, 34.20466745
6, 0.45,  TANH, 37.38618041, 37.51466294, 37.14884895, 37.34989743
6, 0.45,  RELU, , 39.32312712, 43.05440445, 43.92621954
6, 0.475,  SIGMOID, 35.42965179, 35.2751437, 33.4705655, 34.72512033
6, 0.475,  TANH, 37.21361385, 37.28235582, 37.15469134, 37.216887
6, 0.475,  RELU, 50.279397, , 51.24751554, 47.43449636
6, 0.5,  SIGMOID, 34.89901945, 34.77756329, 34.5343444, 34.73697571
6, 0.5,  TANH, 36.96676366, 36.78576483, 37.06242626, 36.93831825
6, 0.5,  RELU, 43.74937067, 46.6839893, 43.11211065, 44.51515687
7, 0.025,  SIGMOID, 52.79495842, 53.25872017, 53.13904868, 53.06424242
7, 0.025,  TANH, 33.66453963, 33.75233643, 34.13101413, 33.84929673
7, 0.025,  RELU, 40.15770302, 36.76050016, , 40.94426946
7, 0.05,  SIGMOID, 52.11848492, 50.66311849, 50.70632578, 51.16264307
7, 0.05,  TANH, 34.591658, 34.83351071, 34.95029852, 34.79182241
7, 0.05,  RELU, 36.53731078, 38.90489813, 37.35367393, 37.59862762
7, 0.075,  SIGMOID, 33.56074834, , 34.82389473, 39.21798735
7, 0.075,  TANH, 35.2972064, 34.92992153, 34.68546888, 34.9708656
7, 0.075,  RELU, 37.21778621, 39.51070048, , 41.0176812
7, 0.1,  SIGMOID, 34.19931166, 33.70894178, 34.13915962, 34.01580436
7, 0.1,  TANH, 35.68395924, 35.48199171, 35.48574978, 35.55056691
7, 0.1,  RELU, 35.85795566, 35.8232392, 33.53616596, 35.07245361
7, 0.125,  SIGMOID, 34.00667643, 31.99594969, 33.70968748, 33.23743787
7, 0.125,  TANH, 36.20407701, 36.24492648, 35.58124549, 36.010083
7, 0.125,  RELU, 40.76208913, , 50.59624394, 42.16846864
7, 0.15,  SIGMOID, 34.9588796, 35.5876873, 34.11281312, 34.88646001
7, 0.15,  TANH, , 37.10541533, 36.53793254, 39.49638208
7, 0.15,  RELU, 36.24379882, 33.70223058, , 37.59728584
7, 0.175,  SIGMOID, 34.66507711, 34.66961928, 34.06692851, 34.4672083
7, 0.175,  TANH, 37.13858565, 37.34000163, 36.86933159, 37.11597296
7, 0.175,  RELU, , 33.92157281, 42.14860557, 41.63314487
7, 0.2,  SIGMOID, 33.0639172, 33.7869719, 34.3033443, 33.7180778
7, 0.2,  TANH, 37.42823824, 37.53533864, 37.5336046, 37.4990605
7, 0.2,  RELU, 37.85021056, 37.44310219, , 41.37484311
7, 0.225,  SIGMOID, 35.08830245, 34.41277051, 33.6683124, 34.38979512
7, 0.225,  TANH, 37.52667057, 37.72495053, 37.81118976, 37.68760362
7, 0.225,  RELU, , 40.430327, 39.49683537, 46.65070223
7, 0.25,  SIGMOID, 34.34447402, 35.2721407, 32.61544702, 34.07735391
7, 0.25,  TANH, 37.95827329, 37.7525648, 37.78469688, 37.83184499
7, 0.25,  RELU, 36.1031333, 38.70194528, 38.8251119, 37.87673016
7, 0.275,  SIGMOID, 33.54508836, 35.10306627, 33.54674275, 34.06496579
7, 0.275,  TANH, 38.00742174, 37.47099748, 37.6941663, 37.72419517
7, 0.275,  RELU, 41.06862074, 37.64627637, 41.5509422, 40.08861311
7, 0.3,  SIGMOID, 34.31060929, 33.80679541, 32.50268102, 33.54002857
7, 0.3,  TANH, 37.76087148, 37.77510812, 37.80507361, 37.78035107
7, 0.3,  RELU, 42.52146145, 42.15373633, 40.07907183, 41.58475654
7, 0.325,  SIGMOID, 32.96057954, 35.23618926, 34.3247885, 34.17385243
7, 0.325,  TANH, 37.90175332, 37.82632563, 38.03252275, 37.92020056
7, 0.325,  RELU, 44.27675888, , 39.68230057, 50.17021946
7, 0.35,  SIGMOID, 33.79945072, 33.32118642, 34.61350824, 33.91138179
7, 0.35,  TANH, 38.0304627, 37.74968546, 38.10671487, 37.96228767
7, 0.35,  RELU, , 41.68284725, 38.46010243, 43.79672306
7, 0.375,  SIGMOID, 34.71844308, 35.15250712, 34.86924949, 34.9133999
7, 0.375,  TANH, 37.8644837, 38.00496571, 37.53483425, 37.80142789
7, 0.375,  RELU, 40.00356446, 39.10751296, , 41.51722932
7, 0.4,  SIGMOID, 34.91756941, 35.36254657, 33.58264049, 34.62091882
7, 0.4,  TANH, 37.63332698, 37.86187359, 37.61052135, 37.70190731
7, 0.4,  RELU, 41.42359232, 38.4713794, 42.86728548, 40.9207524
7, 0.425,  SIGMOID, 34.49187809, 34.51724404, 35.04829446, 34.68580553
7, 0.425,  TANH, 37.47815387, 37.5420481, 37.37299831, 37.46440009
7, 0.425,  RELU, 49.04271686, , 47.38960234, 45.40226563
7, 0.45,  SIGMOID, 33.08660928, 34.84989552, 34.71569108, 34.21739863
7, 0.45,  TANH, 37.08667817, 37.11402552, 37.12287482, 37.1078595
7, 0.45,  RELU, 44.18061544, 41.98241464, 44.72728678, 43.63010562
7, 0.475,  SIGMOID, 33.05369346, 34.11602006, 32.93135414, 33.36702255
7, 0.475,  TANH, 37.19407332, 37.11982482, 37.02568761, 37.11319525
7, 0.475,  RELU, 47.49340176, 51.86169017, , 55.58707243
7, 0.5,  SIGMOID, 34.4967208, 33.98841241, 34.55613048, 34.3470879
7, 0.5,  TANH, 37.32172629, 37.07989774, 37.03434748, 37.14532384
7, 0.5,  RELU, , 83.94885096, 45.58438929, 56.47105869
8, 0.025,  SIGMOID, 53.498646, 52.69080549, 52.92504198, 53.03816449
8, 0.025,  TANH, 33.82257316, 34.62376634, 33.87940371, 34.10858107
8, 0.025,  RELU, 36.28636953, 36.16660692, 38.0202274, 36.82440128
8, 0.05,  SIGMOID, 51.21472072, 52.11000405, 52.32895564, 51.88456014
8, 0.05,  TANH, 34.61330474, 34.15551141, 33.95809595, 34.24230403
8, 0.05,  RELU, 38.52766148, 38.90122164, 35.66239766, 37.6970936
8, 0.075,  SIGMOID, , 50.50119793, 49.97806897, 44.74431462
8, 0.075,  TANH, 35.38974417, 35.27602886, 37.23002798, 35.965267
8, 0.075,  RELU, , 34.94844603, 43.58386476, 43.69651368
8, 0.1,  SIGMOID, 35.01798456, 33.95592302, 34.36790047, 34.44726935
8, 0.1,  TANH, 35.51846175, 36.11064289, 35.53253691, 35.72054718
8, 0.1,  RELU, 39.09776794, 35.25159693, 35.72221738, 36.69052741
8, 0.125,  SIGMOID, 34.8014152, 33.77775101, 34.80382065, 34.46099562
8, 0.125,  TANH, 36.2484287, 36.26473378, 35.96131203, 36.15815817
8, 0.125,  RELU, 32.47924853, 35.79274171, 38.56917261, 35.61372095
8, 0.15,  SIGMOID, 34.87272121, 34.64870641, 34.28912024, 34.60351595
8, 0.15,  TANH, 36.6787842, 36.99624533, 36.74359862, 36.80620938
8, 0.15,  RELU, 39.78187105, 35.58512162, 36.95610364, 37.4410321
8, 0.175,  SIGMOID, 34.10714833, 34.39571973, 33.70266768, 34.06851191
8, 0.175,  TANH, 37.23301167, 37.3690358, 37.26784109, 37.28996286
8, 0.175,  RELU, 37.03434041, 37.2926721, 38.12170042, 37.48290431
8, 0.2,  SIGMOID, 34.86435377, 34.90306265, 35.1383207, 34.96857904
8, 0.2,  TANH, 37.50958728, 37.52845022, 37.3190302, 37.4523559
8, 0.2,  RELU, 39.46222412, 38.40699543, 35.5352482, 37.80148925
8, 0.225,  SIGMOID, 33.48867827, 33.91087137, 33.48266676, 33.62740547
8, 0.225,  TANH, 37.69344751, 37.72885855, 37.73575446, 37.71935351
8, 0.225,  RELU, 37.78665787, 38.03143958, 36.39076436, 37.40295394
8, 0.25,  SIGMOID, 33.18723796, 34.12954424, 34.580558, 33.96578007
8, 0.25,  TANH, 37.75195085, 37.88149875, 37.9243906, 37.8526134
8, 0.25,  RELU, 35.07963929, 39.29738078, 37.58255143, 37.31985717
8, 0.275,  SIGMOID, 33.82237232, 34.19641842, 35.31190244, 34.44356439
8, 0.275,  TANH, 37.82881475, 37.39922889, 37.99340707, 37.74048357
8, 0.275,  RELU, , 38.17141986, 38.67779864, 40.70227168
8, 0.3,  SIGMOID, 33.90447198, 33.30310589, 34.27287447, 33.82681745
8, 0.3,  TANH, 37.85863319, 37.94071771, 38.01071874, 37.93668988
8, 0.3,  RELU, , 33.56512302, 33.23290134, 36.04829846
8, 0.325,  SIGMOID, 34.12363612, 34.54327359, 35.31033377, 34.65908116
8, 0.325,  TANH, 37.84252425, 37.83013304, 37.82149813, 37.83138514
8, 0.325,  RELU, 37.32256041, 34.78307274, 38.17570799, 36.76044705
8, 0.35,  SIGMOID, 34.42693018, 35.42323717, 34.51733467, 34.78916734
8, 0.35,  TANH, 37.84250834, 37.79652514, 37.87502479, 37.83801942
8, 0.35,  RELU, 44.2344804, 39.79844167, 41.84996584, 41.96096264
8, 0.375,  SIGMOID, 35.90847271, 34.33952292, 35.75047517, 35.3328236
8, 0.375,  TANH, 37.53592728, 37.89315583, 37.61478253, 37.68128854
8, 0.375,  RELU, 36.83409641, 40.84121499, 37.89517553, 38.52349564
8, 0.4,  SIGMOID, 33.02813054, 33.88498777, 34.89397243, 33.93569691
8, 0.4,  TANH, 37.70258359, 37.51617459, 37.86621208, 37.69499009
8, 0.4,  RELU, 40.13108537, 45.48557896, 41.11323497, 42.24329977
8, 0.425,  SIGMOID, 34.63963558, 35.31060827, 34.83683635, 34.92902673
8, 0.425,  TANH, 37.5094217, 37.34670498, 37.45732894, 37.43781854
8, 0.425,  RELU, 44.98765265, 48.67642609, , 43.71140982
8, 0.45,  SIGMOID, 34.42717597, 34.48754929, 35.12486745, 34.67986424
8, 0.45,  TANH, 37.30619858, 37.19368989, 37.2303863, 37.24342492
8, 0.45,  RELU, , 38.88424242, 37.73822139, 40.20468865
8, 0.475,  SIGMOID, 35.01349783, 35.18343948, 35.65886625, 35.28526785
8, 0.475,  TANH, 36.90326262, 36.96440758, 36.88098427, 36.91621816
8, 0.475,  RELU, 43.51800244, 39.46570987, 44.64331058, 42.54234096
8, 0.5,  SIGMOID, 34.31422364, 34.37182025, 35.15311736, 34.61305375
8, 0.5,  TANH, 36.74211038, 36.93861428, 37.08666428, 36.92246298
8, 0.5,  RELU, 46.97943535, 46.66744516, , 44.1655153
9, 0.025,  SIGMOID, 52.89401556, 53.18932934, 53.17882883, 53.08739124
9, 0.025,  TANH, 34.6602586, 34.03510824, 33.94897388, 34.21478024
9, 0.025,  RELU, 40.25653691, 34.70666046, 37.18613579, 37.38311105
9, 0.05,  SIGMOID, 50.8266286, 51.82171865, 52.3301679, 51.65950505
9, 0.05,  TANH, 34.00866051, 34.3557526, 34.18033556, 34.18158289
9, 0.05,  RELU, , 38.1624016, 34.44913359, 41.18798945
9, 0.075,  SIGMOID, 35.39155011, 35.59679334, 35.12445266, 35.37093204
9, 0.075,  TANH, 35.17893792, 35.28905606, 35.46641671, 35.31147023
9, 0.075,  RELU, 34.71141908, 35.14106486, 38.3803047, 36.07759621
9, 0.1,  SIGMOID, 34.6406233, 35.26566455, 34.06761375, 34.6579672
9, 0.1,  TANH, 35.38642739, 35.26853253, 35.44368991, 35.36621661
9, 0.1,  RELU, 36.26965696, 36.43413842, 35.60280106, 36.10219881
9, 0.125,  SIGMOID, 34.83191946, 34.57783978, 33.98167627, 34.46381184
9, 0.125,  TANH, 36.08081373, 36.49324209, 36.07467699, 36.21624427
9, 0.125,  RELU, , 33.91757303, 33.35977841, 37.99153848
9, 0.15,  SIGMOID, 34.25532358, 33.87335115, 34.78808414, 34.30558629
9, 0.15,  TANH, 36.81758908, 36.63072642, 37.06779752, 36.83870434
9, 0.15,  RELU, 34.89835143, 35.36164514, 33.87120032, 34.71039896
9, 0.175,  SIGMOID, 33.59237355, 34.88408512, 34.18012633, 34.21886167
9, 0.175,  TANH, 37.20948036, 36.93886119, 37.1068611, 37.08506755
9, 0.175,  RELU, 35.42656836, 34.68172551, 35.6958139, 35.26803592
9, 0.2,  SIGMOID, 34.61496321, 34.18234338, 35.45970977, 34.75233878
9, 0.2,  TANH, 37.41902346, 36.96488783, 37.32170699, 37.23520609
9, 0.2,  RELU, 36.7532187, 35.01649813, 37.48034329, 36.41668671
9, 0.225,  SIGMOID, 35.70624453, 34.97438833, 32.56892765, 34.41652017
9, 0.225,  TANH, 37.6499168, 37.66010155, 37.81832338, 37.70944725
9, 0.225,  RELU, 40.29767788, 37.170213, 36.13678747, 37.86822612
9, 0.25,  SIGMOID, 35.4852608, 34.09878755, 35.35120116, 34.9784165
9, 0.25,  TANH, 37.54179631, 37.76896058, 37.62153714, 37.64409801
9, 0.25,  RELU, 36.10585417, 34.84857052, 36.68587581, 35.88010017
9, 0.275,  SIGMOID, 34.90198201, 34.96187507, 34.02439766, 34.62941825
9, 0.275,  TANH, 37.77660932, 37.84999709, 37.82501861, 37.81720834
9, 0.275,  RELU, , 43.73178645, 41.24746947, 39.82427465
9, 0.3,  SIGMOID, 35.24521873, 32.64378696, 34.93821704, 34.27574091
9, 0.3,  TANH, 37.79363118, 37.79329094, 37.85341272, 37.81344494
9, 0.3,  RELU, 40.37458979, 35.63173382, 40.04071151, 38.68234504
9, 0.325,  SIGMOID, 35.29125549, 34.5608838, 35.16491211, 35.0056838
9, 0.325,  TANH, 37.75877994, 37.90043354, 37.78439815, 37.81453721
9, 0.325,  RELU, 39.42731575, 37.97590028, 42.97354823, 40.12558809
9, 0.35,  SIGMOID, 34.63669749, 34.88456912, 33.67483403, 34.39870022
9, 0.35,  TANH, 37.87798554, 37.79593628, 37.61426329, 37.76272837
9, 0.35,  RELU, 47.5415789, 38.79222426, 42.83243078, 43.05541131
9, 0.375,  SIGMOID, 34.55298155, 35.44380768, 35.33640491, 35.11106471
9, 0.375,  TANH, 37.67327254, 37.6821528, 37.77633398, 37.71058644
9, 0.375,  RELU, 39.81603442, 44.33017932, 35.82813635, 39.99145003
9, 0.4,  SIGMOID, 35.17489245, 34.70186894, 35.31814363, 35.06496834
9, 0.4,  TANH, 37.40155127, 37.35615471, 37.44176032, 37.3998221
9, 0.4,  RELU, 38.95351615, 35.73678951, 42.44212086, 39.04414217
9, 0.425,  SIGMOID, 34.01487281, 35.02667117, 35.0433186, 34.69495419
9, 0.425,  TANH, 37.4427646, 37.48823251, 37.22265978, 37.3845523
9, 0.425,  RELU, 43.20153894, 36.99511908, 40.30963339, 40.1687638
9, 0.45,  SIGMOID, 34.8504078, 34.56210746, 35.14833855, 34.85361794
9, 0.45,  TANH, 37.52302367, 37.15111539, 37.09184319, 37.25532741
9, 0.45,  RELU, 48.22061622, 48.82501295, , 46.16474849
9, 0.475,  SIGMOID, 35.26926176, 34.94207629, 34.94792585, 35.05308797
9, 0.475,  TANH, 37.03266136, 37.14803434, 36.96950067, 37.05006546
9, 0.475,  RELU, 44.46140578, 49.39976992, , 44.39938288
9, 0.5,  SIGMOID, 35.17099868, 33.98442381, 34.76967224, 34.64169824
9, 0.5,  TANH, 36.92622118, 36.961159, 36.72554055, 36.87097358
9, 0.5,  RELU, , 45.22883759, 44.18505614, 41.94325746
10, 0.025,  SIGMOID, 52.80600958, 53.59472732, 53.35881475, 53.25318388
10, 0.025,  TANH, 33.97371113, 33.70813483, 34.0247815, 33.90220915
10, 0.025,  RELU, 33.82894516, 36.84800883, 36.14899773, 35.60865057
10, 0.05,  SIGMOID, 51.82193619, 50.3693811, 51.89405992, 51.3617924
10, 0.05,  TANH, 34.01168888, 34.24387994, 34.07961987, 34.11172956
10, 0.05,  RELU, 34.38293847, 38.06337702, 35.21185777, 35.88605775
10, 0.075,  SIGMOID, 33.61137814, , 33.64126808, 39.64670029
10, 0.075,  TANH, 34.58796544, 35.8311482, 34.75233021, 35.05714795
10, 0.075,  RELU, 36.20045667, 36.3788164, 31.95494483, 34.8447393
10, 0.1,  SIGMOID, 35.20511703, 34.63573869, 34.32469645, 34.72185072
10, 0.1,  TANH, 35.20031833, 35.72487285, 35.46469055, 35.46329391
10, 0.1,  RELU, 38.14487405, 40.87666897, 34.28997577, 37.77050626
10, 0.125,  SIGMOID, 35.20790004, 34.72177245, 33.53061177, 34.48676142
10, 0.125,  TANH, 36.0862449, 36.12087768, 35.92599646, 36.04437302
10, 0.125,  RELU, , 37.37790045, 35.78977529, 41.67682131
10, 0.15,  SIGMOID, 34.85023563, 34.99419928, 34.89574555, 34.91339349
10, 0.15,  TANH, 36.89259659, 36.67469288, 36.20163295, 36.5896408
10, 0.15,  RELU, 34.98705943, 36.77598073, 39.21399358, 36.99234458
10, 0.175,  SIGMOID, 34.3598496, 33.77355502, 33.70175814, 33.94505426
10, 0.175,  TANH, 36.91498996, 37.10156994, 37.45021988, 37.15559326
10, 0.175,  RELU, 36.70174217, 34.46870529, 40.55160018, 37.24068255
10, 0.2,  SIGMOID, 34.33189912, 35.10292651, 34.31186064, 34.58222876
10, 0.2,  TANH, 37.70070934, 37.30224748, 37.45519667, 37.48605116
10, 0.2,  RELU, 37.48382511, 35.76251012, 34.30640653, 35.85091392
10, 0.225,  SIGMOID, 34.62624603, 34.82906386, 34.27939852, 34.57823613
10, 0.225,  TANH, 37.8624029, 37.80186532, 37.68505195, 37.78310673
10, 0.225,  RELU, 37.86122936, 34.71733357, 42.06853558, 38.21569951
10, 0.25,  SIGMOID, 34.90830457, 34.73097405, 34.79650526, 34.81192796
10, 0.25,  TANH, 37.69892379, 37.74891109, 37.75312467, 37.73365318
10, 0.25,  RELU, 38.92210573, 36.71771424, 38.16367536, 37.93449844
10, 0.275,  SIGMOID, 35.19778817, 34.07093736, 34.0114219, 34.42671581
10, 0.275,  TANH, 37.88515097, 37.4201658, 37.92133973, 37.74221883
10, 0.275,  RELU, 36.78229237, 37.53842982, 37.7094535, 37.34339189
10, 0.3,  SIGMOID, 35.1072392, 35.68688212, 35.50714259, 35.43375464
10, 0.3,  TANH, 38.24011603, 37.71783438, 37.87501416, 37.94432152
10, 0.3,  RELU, 38.73834476, 36.80710068, 40.43257268, 38.65933937
10, 0.325,  SIGMOID, 34.2925652, 34.64164804, 34.37632933, 34.43684752
10, 0.325,  TANH, 37.90273093, 37.84791859, 38.01705187, 37.92256713
10, 0.325,  RELU, 37.16272943, 38.76929556, 40.21797321, 38.71666607
10, 0.35,  SIGMOID, 34.72002662, 34.7812417, 34.88667081, 34.79597971
10, 0.35,  TANH, 37.66280512, 37.69396669, 37.78329921, 37.713357
10, 0.35,  RELU, 35.96452143, 38.5971528, 39.56511072, 38.04226165
10, 0.375,  SIGMOID, 35.24201331, 34.5809752, 33.84043835, 34.55447562
10, 0.375,  TANH, 37.55264192, 37.62279819, 37.59043765, 37.58862592
10, 0.375,  RELU, 41.00167121, 45.81939213, 49.61379712, 45.47828682
10, 0.4,  SIGMOID, 34.37886843, 34.33424008, 35.12416613, 34.61242488
10, 0.4,  TANH, 37.70348028, 37.46208578, 37.41599934, 37.52718847
10, 0.4,  RELU, 42.28210699, 38.01856044, , 44.17946306
10, 0.425,  SIGMOID, 35.17727411, 34.72923572, 35.07079906, 34.99243629
10, 0.425,  TANH, 37.27958684, 37.31516952, 37.23081376, 37.27519004
10, 0.425,  RELU, 40.26759988, 42.23304536, 38.60212787, 40.36759104
10, 0.45,  SIGMOID, 34.64063591, 33.85279492, 34.94463688, 34.4793559
10, 0.45,  TANH, 37.25285474, 37.09898855, 37.07605862, 37.14263397
10, 0.45,  RELU, 37.78269898, 38.52989418, 39.46550232, 38.59269849
10, 0.475,  SIGMOID, 34.17581525, 34.68833869, 35.47051012, 34.77822135
10, 0.475,  TANH, 37.1876943, 37.06929698, 36.97770192, 37.07823107
10, 0.475,  RELU, 48.71103309, 43.43874329, 44.95520457, 45.70166032
10, 0.5,  SIGMOID, 35.00003665, 35.19322628, 35.12923899, 35.10750064
10, 0.5,  TANH, 36.95484624, 36.94151056, 36.74316521, 36.87984067
10, 0.5,  RELU, 42.66988589, , 35.07642087, 42.43161734
11, 0.025,  SIGMOID, 53.21415775, 53.37835199, 52.99824924, 53.19691966
11, 0.025,  TANH, 34.17477549, 33.70727064, 34.00621373, 33.96275329
11, 0.025,  RELU, 33.40834244, 35.43684826, 35.87958943, 34.90826005
11, 0.05,  SIGMOID, 52.55060181, 52.10243074, 52.00032636, 52.21778631
11, 0.05,  TANH, 33.98298928, 33.99513786, 34.07962771, 34.01925161
11, 0.05,  RELU, 34.50419412, 37.93446683, 34.6696845, 35.70278182
11, 0.075,  SIGMOID, 49.8194498, , 50.91810116, 44.9797111
11, 0.075,  TANH, 34.78171515, 34.45476231, 34.7806906, 34.67238935
11, 0.075,  RELU, 36.49201801, 37.44185551, 34.68007501, 36.20464951
11, 0.1,  SIGMOID, , 35.14338172, 34.73643171, 39.51048463
11, 0.1,  TANH, 35.49920579, 35.45397498, , 37.82748149
11, 0.1,  RELU, 37.25034813, 36.02626247, 35.19455449, 36.15705503
11, 0.125,  SIGMOID, 33.86601532, 34.84484786, 34.01067058, 34.24051125
11, 0.125,  TANH, 36.10950432, 35.99341751, 36.20335294, 36.10209159
11, 0.125,  RELU, 38.32743679, 36.17574859, 39.47465761, 37.99261433
11, 0.15,  SIGMOID, 34.6177349, 35.2670394, 33.02744403, 34.30407278
11, 0.15,  TANH, 36.90007136, 36.65334428, 36.80746696, 36.78696087
11, 0.15,  RELU, 33.01396179, 37.56718875, 36.81793092, 35.79969382
11, 0.175,  SIGMOID, 35.29633329, 33.93446984, 35.14059913, 34.79046742
11, 0.175,  TANH, 37.12546546, 37.00072084, 37.15366635, 37.09328422
11, 0.175,  RELU, 34.26047453, 33.34876235, 34.23363999, 33.94762562
11, 0.2,  SIGMOID, 34.83965257, 35.02631061, 34.35921549, 34.74172622
11, 0.2,  TANH, 37.35760558, 37.61071346, 37.37899214, 37.44910373
11, 0.2,  RELU, 36.0375996, 35.7504504, 39.17039028, 36.98614676
11, 0.225,  SIGMOID, 34.34288209, 35.02388958, 34.95475687, 34.77384285
11, 0.225,  TANH, 37.64340272, 37.67355356, 37.60093992, 37.63929873
11, 0.225,  RELU, 34.81549468, 36.39273199, 37.78510815, 36.33111161
11, 0.25,  SIGMOID, 35.97578018, 35.04910454, 34.11182571, 35.04557015
11, 0.25,  TANH, 37.25599948, 37.74809073, 37.76850841, 37.59086621
11, 0.25,  RELU, 38.59493609, 34.98730676, 38.48141535, 37.35455273
11, 0.275,  SIGMOID, 34.91294947, 33.05612364, 34.80958253, 34.25955188
11, 0.275,  TANH, 37.77385772, 37.78791637, 37.87875284, 37.81350898
11, 0.275,  RELU, 32.30165383, 36.24917109, 39.90026793, 36.15036428
11, 0.3,  SIGMOID, 35.3442398, 34.74203973, 35.28928866, 35.1251894
11, 0.3,  TANH, 37.62013272, 37.83772697, 38.03384578, 37.83056849
11, 0.3,  RELU, 38.89072422, 37.64270744, 34.44104238, 36.99149135
11, 0.325,  SIGMOID, 34.771472, 33.87778543, 34.97845908, 34.54257217
11, 0.325,  TANH, 37.89831733, 37.93531725, 37.887379, 37.90700453
11, 0.325,  RELU, , 43.07429527, 43.09607125, 40.60978562
11, 0.35,  SIGMOID, 35.40593833, 34.89747654, 34.44377898, 34.91573128
11, 0.35,  TANH, 37.65549344, 37.72448618, 37.63716796, 37.67238252
11, 0.35,  RELU, 37.33304407, 40.90564655, 36.22914224, 38.15594428
11, 0.375,  SIGMOID, 35.42282207, 33.63383325, 34.83887358, 34.63184297
11, 0.375,  TANH, 37.56691795, 37.50528003, 37.55222494, 37.5414743
11, 0.375,  RELU, 38.23955737, 42.53044763, 42.35877625, 41.04292708
11, 0.4,  SIGMOID, 35.01216987, 35.22968333, 34.13909405, 34.79364908
11, 0.4,  TANH, 37.4735975, 37.57700872, 37.71685511, 37.58915378
11, 0.4,  RELU, 42.79197, 39.50347077, 46.51947934, 42.9383067
11, 0.425,  SIGMOID, 34.63029565, 35.2135971, 35.26188615, 35.03525963
11, 0.425,  TANH, 37.21503152, 37.21177517, 37.63599566, 37.35426745
11, 0.425,  RELU, 37.48079704, 37.08840252, 40.40690188, 38.32536714
11, 0.45,  SIGMOID, 34.28770566, 34.12721298, 35.26434016, 34.55975294
11, 0.45,  TANH, 37.1224976, 37.41041181, 37.21448323, 37.24913088
11, 0.45,  RELU, 40.98568564, 43.38130002, 41.68041722, 42.01580096
11, 0.475,  SIGMOID, 35.16230592, 34.12036939, 35.17252027, 34.81839852
11, 0.475,  TANH, 37.16409536, 37.05387567, 37.21845879, 37.14547661
11, 0.475,  RELU, 43.92587005, , 42.72347711, 45.36940767
11, 0.5,  SIGMOID, 34.40091064, 35.50948182, 34.96151692, 34.95730313
11, 0.5,  TANH, 37.05078207, 36.95096977, 36.74011115, 36.91395433
11, 0.5,  RELU, 49.16800539, 49.69849769, 45.37388298, 48.08012869
12, 0.025,  SIGMOID, 53.1060732, 52.94485146, 52.64504399, 52.89865622
12, 0.025,  TANH, 33.80898851, 33.94890664, 33.68937671, 33.81575729
12, 0.025,  RELU, 36.33325217, 37.13462953, 37.77381122, 37.08056431
12, 0.05,  SIGMOID, 50.93543285, 52.10473469, 52.5524596, 51.86420905
12, 0.05,  TANH, 34.37803594, 34.28500096, 35.01808566, 34.56037419
12, 0.05,  RELU, 35.51088345, 39.27205055, 37.48721447, 37.42338282
12, 0.075,  SIGMOID, 40.36087048, , 33.23853589, 41.7222078
12, 0.075,  TANH, 35.38674372, 34.5405328, 35.00982197, 34.97903283
12, 0.075,  RELU, 36.2977908, 36.0676925, 34.53318566, 35.63288965
12, 0.1,  SIGMOID, 35.47556576, 34.04992902, 34.32872306, 34.61807261
12, 0.1,  TANH, 38.84800042, 35.18685069, 35.31374377, 36.44953163
12, 0.1,  RELU, 38.91592646, 34.2347123, 32.73063448, 35.29375775
12, 0.125,  SIGMOID, 35.46715842, 33.5428431, 35.00504209, 34.6716812
12, 0.125,  TANH, 36.52719244, 35.99358692, 36.25716297, 36.25931411
12, 0.125,  RELU, 35.05052218, 35.31748888, 33.15268382, 34.50689829
12, 0.15,  SIGMOID, 34.53345634, 35.02465202, 33.76859118, 34.44223318
12, 0.15,  TANH, 36.99660151, 36.85221253, 37.03972669, 36.96284691
12, 0.15,  RELU, 37.76206986, 30.96568647, 35.45326482, 34.72700705
12, 0.175,  SIGMOID, 35.24298721, 35.22923616, 33.89948, 34.79056779
12, 0.175,  TANH, 37.07425724, 37.22409008, 37.51910352, 37.27248361
12, 0.175,  RELU, 36.67163837, 36.12368087, 31.97102681, 34.92211535
12, 0.2,  SIGMOID, 32.91871114, 34.63569483, 34.0985213, 33.88430909
12, 0.2,  TANH, 36.70943077, 37.6123664, 37.59965417, 37.30715045
12, 0.2,  RELU, 31.64974743, 38.37555687, 35.83725378, 35.28751936
12, 0.225,  SIGMOID, 33.61494396, 34.97171858, 35.39718269, 34.66128174
12, 0.225,  TANH, 37.68719633, 37.71806044, 37.28307128, 37.56277601
12, 0.225,  RELU, 37.75907868, 41.33884311, 33.15343415, 37.41711865
12, 0.25,  SIGMOID, 35.21641003, 34.2670628, 35.24945657, 34.91097647
12, 0.25,  TANH, 37.49230967, 37.92082655, 37.73093676, 37.71469099
12, 0.25,  RELU, 37.38890587, 33.91803637, 35.94813938, 35.75169387
12, 0.275,  SIGMOID, 34.93743117, 34.53018792, 34.69480047, 34.72080652
12, 0.275,  TANH, 37.77422328, 37.69381572, 37.85972834, 37.77592245
12, 0.275,  RELU, , 64.14465089, 40.53408284, 46.31332144
12, 0.3,  SIGMOID, 35.42785399, 34.27324778, 35.07103589, 34.92404589
12, 0.3,  TANH, 37.86999357, 37.8321594, 37.79133353, 37.83116217
12, 0.3,  RELU, 39.72983677, 37.67392711, 36.83503947, 38.07960112
12, 0.325,  SIGMOID, 34.4108442, 35.3310637, 35.11376603, 34.95189131
12, 0.325,  TANH, 37.72654512, 37.87132004, 37.77886392, 37.79224303
12, 0.325,  RELU, 37.8909158, 35.12383379, 35.58191706, 36.19888888
12, 0.35,  SIGMOID, 35.33364147, 35.68347365, 35.22664497, 35.4145867
12, 0.35,  TANH, 37.68440507, 37.69144181, 37.63385203, 37.66989964
12, 0.35,  RELU, 39.31849434, , 38.85211653, 41.18852412
12, 0.375,  SIGMOID, 33.90417885, 34.18296636, 35.37587175, 34.48767232
12, 0.375,  TANH, 37.57792625, 37.56654376, 37.94573343, 37.69673448
12, 0.375,  RELU, 36.64599463, 39.3619681, 35.15118601, 37.05304958
12, 0.4,  SIGMOID, 35.26336905, 34.74572498, 34.2908261, 34.76664004
12, 0.4,  TANH, 37.55049984, 37.69560152, 37.40975576, 37.55195238
12, 0.4,  RELU, , 43.40189001, 40.5087107, 39.7158965
12, 0.425,  SIGMOID, 34.29992726, 34.73909703, 34.82056854, 34.61986428
12, 0.425,  TANH, 37.28669095, 37.54462065, 37.27687505, 37.36939555
12, 0.425,  RELU, 39.46273345, 35.99497523, 41.18768614, 38.88179828
12, 0.45,  SIGMOID, 35.3476255, 35.30696522, 34.71134163, 35.12197745
12, 0.45,  TANH, 37.12454011, 37.22536312, 37.04913138, 37.13301154
12, 0.45,  RELU, 40.31273846, 41.37496848, 41.82943515, 41.1723807
12, 0.475,  SIGMOID, 35.2300356, 34.51374538, 34.0556848, 34.59982193
12, 0.475,  TANH, 37.1276895, 36.8637691, 37.00115979, 36.99753946
12, 0.475,  RELU, 38.99320406, 37.36492005, 40.99504229, 39.11772213
12, 0.5,  SIGMOID, 34.34971019, 34.61611761, 33.59241968, 34.18608249
12, 0.5,  TANH, 36.73501105, 36.71548992, 36.72606977, 36.72552358
12, 0.5,  RELU, 35.76449147, 39.17055296, , 39.94171465
13, 0.025,  SIGMOID, 52.97180185, 52.95444745, 52.88387572, 52.93670834
13, 0.025,  TANH, 33.90157186, 34.96512796, 33.71705033, 34.19458338
13, 0.025,  RELU, 35.31323607, 35.51833849, 35.51631964, 35.44929807
13, 0.05,  SIGMOID, 51.80261552, 51.88026673, 52.84910487, 52.17732904
13, 0.05,  TANH, 34.79378645, 34.05043309, 34.53970789, 34.46130915
13, 0.05,  RELU, 37.42592081, 38.30042906, 35.25093372, 36.99242786
13, 0.075,  SIGMOID, 34.38804081, 34.57398897, , 39.51928197
13, 0.075,  TANH, 38.8561471, 34.88419338, 37.83957954, 37.19330667
13, 0.075,  RELU, 34.09024974, 32.85477935, 33.90322282, 33.61608397
13, 0.1,  SIGMOID, 33.86810919, 35.05231551, 34.4506672, 34.45703064
13, 0.1,  TANH, 35.63687505, 35.4452586, 35.83979923, 35.64064429
13, 0.1,  RELU, 32.93838776, 34.32226465, 35.11595419, 34.12553553
13, 0.125,  SIGMOID, 34.71490511, 34.80692557, 35.35823495, 34.96002188
13, 0.125,  TANH, 36.31306386, 36.40819433, 36.29963822, 36.3402988
13, 0.125,  RELU, 34.11384535, 30.65272751, 33.09496332, 32.62051206
13, 0.15,  SIGMOID, 35.24345474, 33.54232488, 34.66706057, 34.48428006
13, 0.15,  TANH, 36.73646935, 36.22712422, 36.63085463, 36.53148273
13, 0.15,  RELU, , 31.92279253, 31.73402246, 33.76972891
13, 0.175,  SIGMOID, 34.65799354, 35.03243728, 34.13092509, 34.60711864
13, 0.175,  TANH, 36.97910272, 37.29447786, 36.50867068, 36.92741709
13, 0.175,  RELU, 35.92009357, 33.69271918, 33.1463538, 34.25305552
13, 0.2,  SIGMOID, 34.08054021, 34.09661167, 35.75357246, 34.64357478
13, 0.2,  TANH, 37.75314554, 37.21424025, 37.02188681, 37.32975754
13, 0.2,  RELU, 35.19493634, 36.10720852, 35.00161236, 35.43458574
13, 0.225,  SIGMOID, 35.11394456, 34.33212299, 34.81977322, 34.75528026
13, 0.225,  TANH, 37.68266085, 37.61612733, 37.83853981, 37.71244266
13, 0.225,  RELU, 35.52963344, 37.40878918, 33.64050891, 35.52631051
13, 0.25,  SIGMOID, 35.68275647, 33.78120724, 34.75062572, 34.73819648
13, 0.25,  TANH, 37.75410786, 37.64267381, 37.55156128, 37.64944765
13, 0.25,  RELU, 35.74211036, 39.12266125, 32.79934957, 35.88804039
13, 0.275,  SIGMOID, 34.45118568, 34.34791784, 35.56353037, 34.78754463
13, 0.275,  TANH, 38.00968958, 37.9629742, 37.7564263, 37.90969669
13, 0.275,  RELU, 37.21905913, 36.80103485, 35.95419244, 36.65809547
13, 0.3,  SIGMOID, 35.51910542, 33.86696059, 34.3799717, 34.58867924
13, 0.3,  TANH, 37.93580622, 37.82736164, 37.82564999, 37.86293928
13, 0.3,  RELU, 35.71276294, 35.28877784, , 37.83850432
13, 0.325,  SIGMOID, 34.65366952, 34.93860828, 34.27449357, 34.62225712
13, 0.325,  TANH, 37.94029807, 37.98249999, 37.7728205, 37.89853952
13, 0.325,  RELU, 36.52922208, 41.56200513, 39.51433066, 39.20185262
13, 0.35,  SIGMOID, 34.43153912, 34.38291307, 34.68332945, 34.49926055
13, 0.35,  TANH, 37.70251104, 37.74666243, 37.68915135, 37.71277494
13, 0.35,  RELU, 39.38285741, 38.60354858, 38.93883147, 38.97507915
13, 0.375,  SIGMOID, 35.58536518, 34.71288247, 35.1162204, 35.13815601
13, 0.375,  TANH, 37.78212691, 37.52922579, 37.57849318, 37.62994862
13, 0.375,  RELU, 37.7582348, 36.91783098, , 42.37776293
13, 0.4,  SIGMOID, 35.21866297, 35.2823418, 35.18312555, 35.22804344
13, 0.4,  TANH, 37.49698081, 37.51721993, 37.37312873, 37.46244316
13, 0.4,  RELU, 39.91900345, 39.4566592, , 42.2255974
13, 0.425,  SIGMOID, 34.13686532, 34.70817294, 34.28154033, 34.3755262
13, 0.425,  TANH, 37.19631232, 37.16756562, 37.38207838, 37.24865211
13, 0.425,  RELU, 45.5472294, 37.26246661, 41.98753387, 41.59907663
13, 0.45,  SIGMOID, 35.0466874, 34.36350459, 34.91352551, 34.7745725
13, 0.45,  TANH, 37.2390945, 37.21352431, 37.41044451, 37.28768777
13, 0.45,  RELU, 41.1165684, 35.72051341, 36.89069612, 37.90925931
13, 0.475,  SIGMOID, 35.07917183, 34.75145378, 35.19322181, 35.00794914
13, 0.475,  TANH, 37.09235712, 36.9573718, 36.87198245, 36.97390379
13, 0.475,  RELU, 51.01209708, 46.44111948, , 45.40430975
13, 0.5,  SIGMOID, 34.14880187, 34.49508196, 33.92166095, 34.18851493
13, 0.5,  TANH, 36.729143, 36.73789838, 36.73283866, 36.73329335
13, 0.5,  RELU, 43.05638084, 41.97206582, , 44.53503927
14, 0.025,  SIGMOID, 53.17595407, 53.27279373, 52.91836476, 53.12237085
14, 0.025,  TANH, 34.05921369, 34.92157666, 33.71217858, 34.23098964
14, 0.025,  RELU, 33.6935535, 35.33128348, 35.98647516, 35.00377071
14, 0.05,  SIGMOID, 52.11518837, 51.69536341, 52.14712412, 51.98589197
14, 0.05,  TANH, 34.12047569, 34.08230667, 34.13452667, 34.11243634
14, 0.05,  RELU, 33.82535178, 38.14948619, 35.31172752, 35.7621885
14, 0.075,  SIGMOID, 52.02980196, , 51.56056692, 46.31624178
14, 0.075,  TANH, 34.64084969, 34.58340051, 34.89256929, 34.70560649
14, 0.075,  RELU, 34.43612019, 34.23276502, 33.4909128, 34.053266
14, 0.1,  SIGMOID, 33.11508815, 34.84273974, 35.72581091, 34.56121293
14, 0.1,  TANH, 35.17847045, 35.21834207, 35.88059077, 35.4258011
14, 0.1,  RELU, 36.65936146, 38.17847778, 33.14399263, 35.99394396
14, 0.125,  SIGMOID, 35.0800359, 33.67216318, 34.7021594, 34.48478616
14, 0.125,  TANH, 36.22401314, 36.21153158, 36.1076128, 36.1810525
14, 0.125,  RELU, 32.94360023, 32.84427062, 35.31610306, 33.70132464
14, 0.15,  SIGMOID, 35.59521085, 34.97163463, 34.22237915, 34.92974154
14, 0.15,  TANH, 36.7030034, 36.84078758, 36.49123376, 36.67834158
14, 0.15,  RELU, 32.31608665, 34.61913409, 35.08622141, 34.00714739
14, 0.175,  SIGMOID, 34.90342502, 34.72531594, 34.46408159, 34.69760752
14, 0.175,  TANH, 36.98887853, 36.79513162, 36.64245767, 36.80882261
14, 0.175,  RELU, 36.58708386, 35.08095294, 31.9559842, 34.54134033
14, 0.2,  SIGMOID, 34.28960995, 34.43431902, 35.47287727, 34.73226875
14, 0.2,  TANH, 37.34409749, 37.36400779, 37.19907464, 37.3023933
14, 0.2,  RELU, 37.61582277, 31.91090281, 35.86377937, 35.13016832
14, 0.225,  SIGMOID, 34.52963336, 33.9807218, 34.59489256, 34.3684159
14, 0.225,  TANH, 37.77942265, 37.35861079, 37.45586516, 37.53129953
14, 0.225,  RELU, 34.8479795, 34.18781825, 31.48581534, 33.50720436
14, 0.25,  SIGMOID, 34.51784378, 35.80284631, 33.82242655, 34.71437222
14, 0.25,  TANH, 37.47971572, 37.79655838, 37.74411013, 37.67346141
14, 0.25,  RELU, 35.44907087, 33.6139307, 38.07403864, 35.71234674
14, 0.275,  SIGMOID, 35.84692455, 32.98338516, 34.18676797, 34.33902589
14, 0.275,  TANH, 37.77733689, 37.78433258, 37.81294059, 37.79153669
14, 0.275,  RELU, 31.4497247, 37.07424677, 32.14028867, 33.55475338
14, 0.3,  SIGMOID, 34.95705799, 35.7303965, 33.85277712, 34.84674387
14, 0.3,  TANH, 37.68880445, 37.69612376, 37.90212198, 37.76235006
14, 0.3,  RELU, 35.66711099, 40.2239269, 35.50293102, 37.13132297
14, 0.325,  SIGMOID, 35.54398449, 34.86563766, 34.99286207, 35.13416141
14, 0.325,  TANH, 37.8457302, 37.68105694, 37.82843418, 37.78507377
14, 0.325,  RELU, 36.14032341, 35.57824398, 36.82511784, 36.18122841
14, 0.35,  SIGMOID, 34.81643666, 35.3842551, 34.51289034, 34.90452737
14, 0.35,  TANH, 37.70000384, 37.64224669, 37.72729753, 37.68984936
14, 0.35,  RELU, , 38.56464046, 39.66159699, 41.78880003
14, 0.375,  SIGMOID, 35.33380112, 35.56822271, 34.76657015, 35.22286466
14, 0.375,  TANH, 37.69900142, 37.72146442, 37.50759499, 37.64268694
14, 0.375,  RELU, 37.77965457, 42.70521979, 38.92546637, 39.80344691
14, 0.4,  SIGMOID, 35.77152687, 35.53161571, 35.0331648, 35.44543579
14, 0.4,  TANH, 37.6309017, 37.374386, 37.50961631, 37.504968
14, 0.4,  RELU, 34.29659081, 37.81274028, , 38.92745529
14, 0.425,  SIGMOID, 34.38204983, 35.47615279, 34.75599859, 34.8714004
14, 0.425,  TANH, 37.3635823, 37.21920579, 37.1980391, 37.26027573
14, 0.425,  RELU, 44.82655978, 46.20348512, 40.58129076, 43.87044522
14, 0.45,  SIGMOID, 34.05824681, 34.61284527, 35.29114778, 34.65407995
14, 0.45,  TANH, 37.06613766, 37.32760929, 37.12940563, 37.17438419
14, 0.45,  RELU, 42.20370699, 37.37862113, 36.49725095, 38.69319302
14, 0.475,  SIGMOID, 35.35505423, 35.37437471, 35.12108519, 35.28350471
14, 0.475,  TANH, 36.89117702, 36.87012788, 37.15476279, 36.97202257
14, 0.475,  RELU, 41.00067563, , 41.23661538, 39.2623287
14, 0.5,  SIGMOID, 35.53625623, 35.49839533, 34.92799957, 35.32088371
14, 0.5,  TANH, 36.74660401, 36.93845141, 36.72605498, 36.80370346
14, 0.5,  RELU, 43.71904936, 36.77210259, 40.30159565, 40.2642492
15, 0.025,  SIGMOID, 53.04048382, 53.1484017, 53.1156855, 53.10152367
15, 0.025,  TANH, 34.14653184, 34.00966774, , 35.8060297
15, 0.025,  RELU, 37.5067698, 36.96916654, 37.86398915, 37.44664183
15, 0.05,  SIGMOID, 52.60039147, 52.69506143, 52.2619737, 52.5191422
15, 0.05,  TANH, 33.95950451, 34.93089485, 33.9714843, 34.28729455
15, 0.05,  RELU, 33.67176689, 34.70040825, 34.17781121, 34.18332878
15, 0.075,  SIGMOID, 35.43735908, , 35.46496465, 40.62543602
15, 0.075,  TANH, 34.76719045, 35.11571515, 35.34246877, 35.07512479
15, 0.075,  RELU, 37.85993449, 31.31929272, 33.71089656, 34.29670793
15, 0.1,  SIGMOID, 35.15294379, 34.96260808, 33.34716693, 34.48757293
15, 0.1,  TANH, , 35.31682256, 35.84155383, 38.25048795
15, 0.1,  RELU, 33.17823724, 33.36737166, 33.16620383, 33.23727091
15, 0.125,  SIGMOID, 35.5737798, 35.06199088, 34.02921245, 34.88832771
15, 0.125,  TANH, 35.64091869, 36.24239051, 36.49680626, 36.12670515
15, 0.125,  RELU, , 38.1887146, 35.34785871, 42.57054923
15, 0.15,  SIGMOID, 34.64497825, 34.84112742, 35.02380283, 34.83663616
15, 0.15,  TANH, 36.80518239, 36.86913883, 36.66217756, 36.77883293
15, 0.15,  RELU, 31.88685682, 32.8164743, 35.73731146, 33.48021419
15, 0.175,  SIGMOID, 33.9951581, 35.75214862, 35.34139513, 35.02956728
15, 0.175,  TANH, 37.05059494, 37.11796666, 37.47433906, 37.21430022
15, 0.175,  RELU, , 32.62217674, 32.70647335, 34.39901756
15, 0.2,  SIGMOID, 35.08129095, 34.76931566, 34.87025379, 34.90695347
15, 0.2,  TANH, 37.58976314, 37.25627757, 37.44280037, 37.42961369
15, 0.2,  RELU, 39.61219811, 32.63245308, 35.05291896, 35.76585671
15, 0.225,  SIGMOID, 35.11770064, 34.84340461, 34.91150311, 34.95753612
15, 0.225,  TANH, 37.61315127, 37.13460127, 37.57266763, 37.44014006
15, 0.225,  RELU, 36.13008097, 32.95017343, 34.6319711, 34.57074184
15, 0.25,  SIGMOID, 35.122917, 35.51848292, 34.15866329, 34.9333544
15, 0.25,  TANH, 37.82342303, 37.64261783, 37.49582557, 37.65395548
15, 0.25,  RELU, 37.20103112, 37.99964944, 37.63762321, 37.61276792
15, 0.275,  SIGMOID, 35.13286683, 34.89390677, 34.56781178, 34.86486179
15, 0.275,  TANH, 37.93936907, 37.73275066, 37.80473046, 37.82561673
15, 0.275,  RELU, 32.9460329, , 35.6372806, 36.4359585
15, 0.3,  SIGMOID, 35.14182177, 35.5608985, 35.36132219, 35.35468082
15, 0.3,  TANH, 37.81552633, 37.93292651, 37.78470764, 37.84438683
15, 0.3,  RELU, 38.58149319, 36.14107548, 38.7087016, 37.81042342
15, 0.325,  SIGMOID, 35.6711786, 35.21505145, 35.49495247, 35.46039417
15, 0.325,  TANH, 37.77025066, 37.79864265, 38.47570369, 38.01486567
15, 0.325,  RELU, 36.46842765, 39.77867695, 37.83225179, 38.02645213
15, 0.35,  SIGMOID, 34.38386159, 34.85737754, 35.32301647, 34.85475187
15, 0.35,  TANH, 37.6118234, 37.66651025, 37.64596723, 37.64143363
15, 0.35,  RELU, 36.65811778, 34.83997633, 36.36195002, 35.95334805
15, 0.375,  SIGMOID, 35.71008651, 33.7475308, 34.41270506, 34.62344079
15, 0.375,  TANH, 37.54961998, 37.42969887, 37.51746451, 37.49892779
15, 0.375,  RELU, 37.55675225, 35.86394191, 38.78113133, 37.4006085
15, 0.4,  SIGMOID, 34.66141688, 34.88833263, 35.64804857, 35.06593269
15, 0.4,  TANH, 37.60602676, 37.32583991, 37.46788095, 37.46658254
15, 0.4,  RELU, 37.92039006, 34.43692082, , 39.37029591
15, 0.425,  SIGMOID, 34.85900612, 35.10940872, 35.19995329, 35.05612271
15, 0.425,  TANH, 37.2033103, 37.30940923, 37.15741768, 37.22337907
15, 0.425,  RELU, 37.28014674, 37.9433439, , 40.28459023
15, 0.45,  SIGMOID, 35.30224157, 35.0763467, 35.48847409, 35.28902079
15, 0.45,  TANH, 37.02486996, 37.1228036, 37.13342822, 37.09370059
15, 0.45,  RELU, 36.44833111, 45.0249185, 40.68349226, 40.71891396
15, 0.475,  SIGMOID, 34.91051424, 34.55060824, 34.27917388, 34.58009879
15, 0.475,  TANH, 36.91918747, 36.84665012, 36.90712327, 36.89098695
15, 0.475,  RELU, , 44.94330062, 45.83565173, 42.24546093
15, 0.5,  SIGMOID, 34.96848778, 35.64316247, 35.25072588, 35.28745871
15, 0.5,  TANH, 36.85009183, 36.89971076, 36.71917144, 36.82299134
15, 0.5,  RELU, 43.32220127, 40.675417, 38.40643822, 40.80135216
16, 0.025,  SIGMOID, 53.36091938, 53.12763706, 53.07406931, 53.18754192
16, 0.025,  TANH, 33.8790449, 33.9786167, 34.18697058, 34.01487739
16, 0.025,  RELU, 34.70059127, 35.40782568, 34.01275006, 34.70705567
16, 0.05,  SIGMOID, 52.30823362, 52.34766301, 52.33658532, 52.33082732
16, 0.05,  TANH, 34.08300066, 36.08805833, 34.00408288, 34.72504729
16, 0.05,  RELU, 33.98139197, 32.14099681, 36.11577665, 34.07938848
16, 0.075,  SIGMOID, 33.54493202, 33.60671639, , 39.64290302
16, 0.075,  TANH, 39.2817332, 35.17181673, 34.42844501, 36.29399832
16, 0.075,  RELU, 31.94387609, 32.91096647, 34.09511444, 32.983319
16, 0.1,  SIGMOID, 35.09280953, 34.80579431, 34.7252015, 34.87460178
16, 0.1,  TANH, 35.86917635, 35.58173263, 35.61578929, 35.68889942
16, 0.1,  RELU, 33.52971946, 35.77688798, 34.82915018, 34.71191921
16, 0.125,  SIGMOID, 34.68759755, 35.60809245, 34.71157991, 35.0024233
16, 0.125,  TANH, 36.38644802, 36.50704345, 36.25825935, 36.38391694
16, 0.125,  RELU, 33.15832547, 35.29743861, 32.54565375, 33.66713928
16, 0.15,  SIGMOID, 34.81556845, 34.70823367, 35.42645404, 34.98341872
16, 0.15,  TANH, 36.71149629, 36.71228402, 36.26344082, 36.56240704
16, 0.15,  RELU, 35.61407525, 33.82168659, 35.15864482, 34.86480222
16, 0.175,  SIGMOID, 34.4547376, 34.04233353, 35.16277382, 34.55328165
16, 0.175,  TANH, 37.15234836, 36.98132836, 36.99509666, 37.04292446
16, 0.175,  RELU, 33.74132875, 32.08927667, 31.28186062, 32.37082201
16, 0.2,  SIGMOID, 35.48758642, 35.41097224, 35.52478722, 35.47444863
16, 0.2,  TANH, 36.9111121, 37.49891372, 37.35578792, 37.25527125
16, 0.2,  RELU, 37.61365643, 37.32546826, 35.92004853, 36.95305774
16, 0.225,  SIGMOID, 34.35226127, 35.59925285, 35.29442195, 35.08197869
16, 0.225,  TANH, 37.67906946, 37.71953876, 37.63719412, 37.67860078
16, 0.225,  RELU, 38.05653529, 33.66815748, 30.61930927, 34.11466735
16, 0.25,  SIGMOID, 34.94356236, 34.99447326, 34.35050105, 34.76284556
16, 0.25,  TANH, 37.77796007, 37.64458187, 37.47348338, 37.63200844
16, 0.25,  RELU, 35.87858677, 36.53670309, 34.93327433, 35.78285473
16, 0.275,  SIGMOID, 34.82043926, 34.33670701, 33.14775894, 34.10163507
16, 0.275,  TANH, 37.82968263, 37.93738242, 37.66805963, 37.81170823
16, 0.275,  RELU, 39.94533137, 36.62991567, 33.67069117, 36.74864607
16, 0.3,  SIGMOID, 33.82925618, 34.74136097, 34.72032098, 34.43031271
16, 0.3,  TANH, 37.89711583, 37.79177906, 37.77828469, 37.82239319
16, 0.3,  RELU, 37.61291292, 33.12324329, 38.40337037, 36.37984219
16, 0.325,  SIGMOID, 35.05887704, 34.49302829, 35.07595792, 34.87595442
16, 0.325,  TANH, 37.81970264, 37.70767315, 37.72496361, 37.7507798
16, 0.325,  RELU, 38.95995454, , 41.14412917, 37.71774585
16, 0.35,  SIGMOID, 34.51477085, 35.67917632, 34.62971509, 34.94122075
16, 0.35,  TANH, 37.60196579, 37.56130908, 37.63239373, 37.5985562
16, 0.35,  RELU, 39.10202611, 40.05906705, 38.01804248, 39.05971188
16, 0.375,  SIGMOID, 35.4880667, 35.11042712, 35.10176582, 35.23341988
16, 0.375,  TANH, 37.48032137, 37.6274712, 37.59720904, 37.56833387
16, 0.375,  RELU, 37.417954, 36.53489261, 34.77021259, 36.24101973
16, 0.4,  SIGMOID, 34.63472942, 34.90501958, 34.51277721, 34.68417541
16, 0.4,  TANH, 37.29928834, 37.33131548, 37.53279287, 37.3877989
16, 0.4,  RELU, 41.65935917, 42.26220696, 37.75985369, 40.56047327
16, 0.425,  SIGMOID, 34.30384046, 34.89677958, 35.64145182, 34.94735729
16, 0.425,  TANH, 37.23775899, 37.25063594, 37.24162236, 37.2433391
16, 0.425,  RELU, 46.76784846, 45.46822571, , 43.25625169
16, 0.45,  SIGMOID, 34.73182246, 34.71626975, 33.67356073, 34.37388431
16, 0.45,  TANH, 37.12270644, 37.14013563, 37.01849654, 37.09377954
16, 0.45,  RELU, 37.00003766, 34.93464282, 39.69981923, 37.2114999
16, 0.475,  SIGMOID, 35.29680755, 34.03408723, 35.35883741, 34.8965774
16, 0.475,  TANH, 36.93211959, 36.94548501, 36.89867315, 36.92542592
16, 0.475,  RELU, 38.92070877, 38.87154506, , 41.97552826
16, 0.5,  SIGMOID, 33.77456942, 34.69807696, 35.12792119, 34.53352252
16, 0.5,  TANH, 36.71749048, 36.71226754, 36.72811669, 36.71929157
16, 0.5,  RELU, 37.73177769, 41.25853329, 43.56053515, 40.85028204
