4,  0.05,  SIGMOID,  ANNEALING,  35.67787950043107,  35.21825135243708,  35.34684915267883,  35.414326668515656
4,  0.05,  SIGMOID,  MOMENTUM - ANNEALING,  35.00415260486681,  34.584902407621755,  34.240693195875544,  34.6099160694547
4,  0.05,  TANH,  ANNEALING,  33.540498816360675,  33.643143121129434,  33.569609030836475,  33.5844169894422
4,  0.05,  TANH,  MOMENTUM - ANNEALING, ,  33.879158519898894,  33.902087621931535,  37.69931110652505
4,  0.05,  RELU,  ANNEALING,  49.93584356583029,  49.344902182948296, ,  46.377768461950744
4,  0.05,  RELU,  MOMENTUM - ANNEALING,  37.07351240800305,  37.3453958085408, ,  39.6736983409974
4,  0.1,  SIGMOID,  ANNEALING,  34.383019749593025,  34.16752133477528,  34.651231746938,  34.40059094376877
4,  0.1,  SIGMOID,  MOMENTUM - ANNEALING,  33.232289294481454,  34.18187525882707,  33.43704747862717,  33.617070677311894
4,  0.1,  TANH,  ANNEALING,  33.77581251539418,  33.809035588128886,  33.834839494088165,  33.80656253253707
4,  0.1,  TANH,  MOMENTUM - ANNEALING,  34.820129578948446,  34.5928096225707,  34.62644332168418,  34.67979417440111
4,  0.1,  RELU,  ANNEALING, ,  40.44438043388156,  38.397850488284206,  45.979131922619764
4,  0.1,  RELU,  MOMENTUM - ANNEALING,  40.05186976995848,  43.40373087075967,  40.96102715667598,  41.47220926579804
4,  0.15,  SIGMOID,  ANNEALING,  33.381235153770895,  34.3708802930945,  33.81776223414776,  33.856625893671044
4,  0.15,  SIGMOID,  MOMENTUM - ANNEALING,  33.13725983398847,  33.037449803354285,  33.1063715637904,  33.093693733711056
4,  0.15,  TANH,  ANNEALING,  34.33859553775956,  34.14392815580694,  34.38762114033609,  34.29004827796752
4,  0.15,  TANH,  MOMENTUM - ANNEALING,  35.11462885540947,  35.168871995280305,  35.282986188600745,  35.18882901309684
4,  0.15,  RELU,  ANNEALING, ,  46.8764882183362,  46.63725219796235,  44.92403881762554
4,  0.15,  RELU,  MOMENTUM - ANNEALING, ,  38.91438348079249,  38.49113703197263,  42.96983668373798
4,  0.2,  SIGMOID,  ANNEALING,  34.01827180323467,  33.46911768914252,  34.54003737808953,  34.00914229015557
4,  0.2,  SIGMOID,  MOMENTUM - ANNEALING,  33.113940746806364,  35.57619850540062,  34.907922062074086,  34.532687104760356
4,  0.2,  TANH,  ANNEALING,  34.61279697138941,  34.61958786254807,  34.551056632941076,  34.594480488959526
4,  0.2,  TANH,  MOMENTUM - ANNEALING,  35.642125389613064,  35.70430911648822,  35.59761007332299,  35.648014859808086
4,  0.2,  RELU,  ANNEALING,  41.22999476811458,  37.73032955665798, ,  42.336639475345294
4,  0.2,  RELU,  MOMENTUM - ANNEALING,  39.87423965194817, ,  40.44398604054441,  45.140687168367634
4,  0.25,  SIGMOID,  ANNEALING,  33.32447358211994,  33.5948083649097,  34.26336760538842,  33.72754985080602
4,  0.25,  SIGMOID,  MOMENTUM - ANNEALING,  34.754749159453524,  34.08402229637092,  33.14718057309655,  33.995317342973664
4,  0.25,  TANH,  ANNEALING,  34.62162653609064,  34.854520629726,  34.934156173391045,  34.803434446402555
4,  0.25,  TANH,  MOMENTUM - ANNEALING,  35.75761967346314,  35.624179440418004,  35.54642357068694,  35.642740894856026
4,  0.25,  RELU,  ANNEALING, ,  52.638063163574785,  50.007599937207964,  46.94489240929332
4,  0.25,  RELU,  MOMENTUM - ANNEALING,  38.83801825018405,  39.190702927377465, ,  42.281028660787946
4,  0.3,  SIGMOID,  ANNEALING,  33.51850185390724,  33.12493747274232,  33.406599505291986,  33.350012943980516
4,  0.3,  SIGMOID,  MOMENTUM - ANNEALING,  35.48176381512572,  34.34617353450004,  34.029359564240785,  34.61909897128885
4,  0.3,  TANH,  ANNEALING,  35.246775625597124,  35.22832569256064,  35.11039794330241,  35.19516642048672
4,  0.3,  TANH,  MOMENTUM - ANNEALING,  36.30836485480058,  35.94557910766312,  36.213605660784836,  36.15584987441618
4,  0.3,  RELU,  ANNEALING, ,  46.74299537545179,  43.929231411398106,  42.429018531847
4,  0.3,  RELU,  MOMENTUM - ANNEALING,  36.72979979883574,  41.70625808359859, ,  46.887818329624146
4,  0.35,  SIGMOID,  ANNEALING,  34.91934342609985,  34.199086292846154,  33.13539599537618,  34.084608571440725
4,  0.35,  SIGMOID,  MOMENTUM - ANNEALING,  33.39982204560297,  34.34663296041594,  35.43593727680367,  34.39413076094086
4,  0.35,  TANH,  ANNEALING,  35.49069455140712,  35.47316963790015,  35.46442252195899,  35.47609557042208
4,  0.35,  TANH,  MOMENTUM - ANNEALING,  35.75898408545391,  35.36761657059684,  36.03333323494943,  35.71997796366673
4,  0.35,  RELU,  ANNEALING, ,  37.23188274837392,  39.75466525693689,  42.614805219822905
4,  0.35,  RELU,  MOMENTUM - ANNEALING,  63.21142722426471,  62.689285030564484, ,  57.85309646334746
4,  0.4,  SIGMOID,  ANNEALING,  33.12274045265486,  32.91774152093443,  33.03022598385911,  33.023569319149466
4,  0.4,  SIGMOID,  MOMENTUM - ANNEALING,  33.29939431644646,  33.47275761762325,  36.0876947848616,  34.286615572977105
4,  0.4,  TANH,  ANNEALING,  35.60538218732938,  35.73682201460694,  35.56388696995431,  35.63536372396354
4,  0.4,  TANH,  MOMENTUM - ANNEALING,  41.39545464606653,  41.29062889025683,  39.384853105938554,  40.69031221408731
4,  0.4,  RELU,  ANNEALING,  50.86760838458048,  52.142495240810305, ,  47.94215072764174
4,  0.4,  RELU,  MOMENTUM - ANNEALING,  50.465383296864616,  50.06843439168255, ,  54.543045421227056
4,  0.45,  SIGMOID,  ANNEALING,  33.08402022995279,  34.394969863306116,  35.56313961263653,  34.347376568631816
4,  0.45,  SIGMOID,  MOMENTUM - ANNEALING,  35.212379765444844,  32.8956719930475,  34.04448465589785,  34.0508454714634
4,  0.45,  TANH,  ANNEALING,  35.75835015919782,  35.61132547234564,  35.82416779009711,  35.731281140546855
4,  0.45,  TANH,  MOMENTUM - ANNEALING,  39.75623348093218,  39.96592406197674,  39.83721580951613,  39.853124450808345
4,  0.45,  RELU,  ANNEALING,  39.93485871643803, ,  36.55113991394031,  41.673284104538006
4,  0.45,  RELU,  MOMENTUM - ANNEALING,  58.90682612121545,  58.93884650996553, ,  55.06241935870267
5,  0.05,  SIGMOID,  ANNEALING,  35.26628999625045,  35.52714449444662,  35.2643271509448,  35.35258721388062
5,  0.05,  SIGMOID,  MOMENTUM - ANNEALING,  34.381853174365475,  34.72322558007729,  34.1556690743785,  34.42024927627375
5,  0.05,  TANH,  ANNEALING,  33.9868229668752,  33.60612013728322,  33.62940165551075,  33.74078158655639
5,  0.05,  TANH,  MOMENTUM - ANNEALING,  33.7692915254482,  33.81637209261004,  33.83725194636388,  33.80763852147404
5,  0.05,  RELU,  ANNEALING,  39.22473449552567,  38.83342503175324,  38.54103326119828,  38.86639759615906
5,  0.05,  RELU,  MOMENTUM - ANNEALING,  37.344625026487215,  38.52031414976326,  40.19451454171555,  38.68648457265534
5,  0.1,  SIGMOID,  ANNEALING,  34.179032537422806,  34.3491970209734,  34.49120909416254,  34.33981288418625
5,  0.1,  SIGMOID,  MOMENTUM - ANNEALING,  33.22815703792956,  33.49708376671645,  32.97929093461282,  33.23484391308627
5,  0.1,  TANH,  ANNEALING,  33.77672646146307,  33.719390938810974,  33.80148389166634,  33.76586709731346
5,  0.1,  TANH,  MOMENTUM - ANNEALING,  34.610966811888076,  34.48704511734345,  34.614797116180405,  34.57093634847064
5,  0.1,  RELU,  ANNEALING,  37.54951533129391,  36.841079470276945,  39.836673537736516,  38.07575611310246
5,  0.1,  RELU,  MOMENTUM - ANNEALING,  39.46677776956477,  39.21274194865925,  38.7655179589996,  39.14834589240787
5,  0.15,  SIGMOID,  ANNEALING,  34.63438452894496,  33.403281208992034,  34.11514508918115,  34.050936942372715
5,  0.15,  SIGMOID,  MOMENTUM - ANNEALING,  33.94774761647597,  35.07505685289674,  33.222291737757224,  34.08169873570998
5,  0.15,  TANH,  ANNEALING,  34.27724040977324,  33.93458797711223,  35.24467775764481,  34.48550204817676
5,  0.15,  TANH,  MOMENTUM - ANNEALING,  35.12761553059298,  35.09496983431754,  35.00447695003285,  35.07568743831445
5,  0.15,  RELU,  ANNEALING,  38.63571621238105,  37.92340552372546,  37.518045985998604,  38.025722574035036
5,  0.15,  RELU,  MOMENTUM - ANNEALING,  38.54870000864188,  41.11916727861636,  39.45807448460322,  39.70864725728716
5,  0.2,  SIGMOID,  ANNEALING,  33.3177584735498,  33.72513768762288,  34.98725813004097,  34.01005143040455
5,  0.2,  SIGMOID,  MOMENTUM - ANNEALING,  34.79137152627013,  34.971923968167665,  35.18302851751119,  34.982108003982994
5,  0.2,  TANH,  ANNEALING,  34.606046323780674,  34.56020119320886,  34.3271885469316,  34.49781202130705
5,  0.2,  TANH,  MOMENTUM - ANNEALING,  35.41402188267035,  35.62041784963601,  35.619661701422295,  35.551367144576226
5,  0.2,  RELU,  ANNEALING,  38.946021772471006,  41.79103933981525,  37.93960073420336,  39.558887282163205
5,  0.2,  RELU,  MOMENTUM - ANNEALING,  37.31911435707402,  38.36109458007288,  39.86254774964202,  38.51425222892964
5,  0.25,  SIGMOID,  ANNEALING,  34.475700770012246,  33.2588498876582,  34.12579750988365,  33.9534493891847
5,  0.25,  SIGMOID,  MOMENTUM - ANNEALING,  36.15964588437693,  35.109523537747044,  33.481662098776816,  34.91694384030026
5,  0.25,  TANH,  ANNEALING,  34.93376763190783,  34.700076944597456,  34.98039440053204,  34.871412992345775
5,  0.25,  TANH,  MOMENTUM - ANNEALING,  35.60359545032978,  35.546010505924585,  35.59389264253386,  35.581166199596076
5,  0.25,  RELU,  ANNEALING,  39.408023726336644,  38.651779810410076,  38.06869784684791,  38.70950046119821
5,  0.25,  RELU,  MOMENTUM - ANNEALING,  38.87369260196588,  40.377494880939416, ,  45.736339181907226
5,  0.3,  SIGMOID,  ANNEALING,  32.530201163933185,  33.51851788163864,  33.124529741237446,  33.05774959560309
5,  0.3,  SIGMOID,  MOMENTUM - ANNEALING,  33.67839995346617,  33.39117317942527,  31.852116943037053,  32.973896691976165
5,  0.3,  TANH,  ANNEALING,  35.22464112265538,  35.05123954523002,  35.09865479166566,  35.124845153183685
5,  0.3,  TANH,  MOMENTUM - ANNEALING,  36.362176458250445,  35.428858364997915,  35.399423500652475,  35.730152774633616
5,  0.3,  RELU,  ANNEALING, ,  55.04719347114894,  46.89373457952943,  46.7905824326837
5,  0.3,  RELU,  MOMENTUM - ANNEALING,  60.809257756858415,  60.87079055703541, ,  56.19821750613781
5,  0.35,  SIGMOID,  ANNEALING,  35.47915119069806,  33.76550804220878,  33.09274469766645,  34.112467976857765
5,  0.35,  SIGMOID,  MOMENTUM - ANNEALING,  32.17205922573892,  34.89804982921188,  35.77467536316366,  34.28159480603815
5,  0.35,  TANH,  ANNEALING,  35.26891778477324,  35.26886699457484,  35.3774247344723,  35.305069837940124
5,  0.35,  TANH,  MOMENTUM - ANNEALING,  34.76183438577802,  34.88148235542502,  34.93259429270528,  34.85863701130278
5,  0.35,  RELU,  ANNEALING, ,  50.303594368050454,  49.9246595272983,  46.422586355470514
5,  0.35,  RELU,  MOMENTUM - ANNEALING,  49.95513722515779,  46.668498159952264,  42.09632938155276,  46.23998825555427
5,  0.4,  SIGMOID,  ANNEALING,  33.67260896133497,  34.13730153000358,  31.87115142218477,  33.22702063784111
5,  0.4,  SIGMOID,  MOMENTUM - ANNEALING,  34.53951374557973,  36.102833834378174,  35.69182279845585,  35.444723459471255
5,  0.4,  TANH,  ANNEALING,  35.55346010650338,  35.66228056638559,  35.59281367681434,  35.6028514499011
5,  0.4,  TANH,  MOMENTUM - ANNEALING,  41.273526332096786,  41.06531229559941,  41.00404861940042,  41.1142957490322
5,  0.4,  RELU,  ANNEALING,  46.885212789538585,  47.02412760358204, ,  44.349758324316554
5,  0.4,  RELU,  MOMENTUM - ANNEALING,  58.903716062235176,  61.88040728797124, ,  55.81250196943802
5,  0.45,  SIGMOID,  ANNEALING,  34.53699712592437,  34.9503241791539,  33.576680400701264,  34.354667235259846
5,  0.45,  SIGMOID,  MOMENTUM - ANNEALING,  35.03730656270148,  35.08003307981512,  33.50838321803127,  34.54190762018262
5,  0.45,  TANH,  ANNEALING,  35.48918948119431,  35.36627055282732,  35.64023886693722,  35.49856630031962
5,  0.45,  TANH,  MOMENTUM - ANNEALING,  39.979745535801925,  40.38751378337572,  40.00005515453289,  40.12243815790351
5,  0.45,  RELU,  ANNEALING,  39.4050121658141,  39.30576496161627,  38.75832273063748,  39.15636661935594
5,  0.45,  RELU,  MOMENTUM - ANNEALING,  47.36279478138303,  51.16290053065205,  47.88514315365533,  48.8036128218968
6,  0.05,  SIGMOID,  ANNEALING,  36.22471127118958,  35.893112411930744,  35.870332004452045,  35.996051895857455
6,  0.05,  SIGMOID,  MOMENTUM - ANNEALING,  34.81579945725745,  34.449404191451656,  34.415590331195524,  34.560264659968205
6,  0.05,  TANH,  ANNEALING,  33.6565778113466,  33.533034797376835,  33.634573268966,  33.608061959229815
6,  0.05,  TANH,  MOMENTUM - ANNEALING,  33.840940999195475,  33.7713702065434,  33.80602036425135,  33.80611052333008
6,  0.05,  RELU,  ANNEALING,  37.65475605605344, ,  36.472332448293386,  41.33465320029611
6,  0.05,  RELU,  MOMENTUM - ANNEALING, ,  41.0198064768001,  34.36583943556888,  41.48506598661201
6,  0.1,  SIGMOID,  ANNEALING,  34.19040178336984,  34.91385141155092,  34.812546536718514,  34.63893324387976
6,  0.1,  SIGMOID,  MOMENTUM - ANNEALING,  34.93439871142549,  33.69012005475584,  33.59091157715441,  34.07181011444524
6,  0.1,  TANH,  ANNEALING,  33.796381367771204,  33.793663234397364,  35.42752043381343,  34.33918834532734
6,  0.1,  TANH,  MOMENTUM - ANNEALING,  34.6679376116233,  34.335191236791275,  34.54554332158368,  34.51622405666608
6,  0.1,  RELU,  ANNEALING,  49.39415747243247,  51.34601682655737, ,  46.02457869535484
6,  0.1,  RELU,  MOMENTUM - ANNEALING,  36.80838959913658,  36.17840653153229,  37.834858651531256,  36.940551594066704
6,  0.15,  SIGMOID,  ANNEALING,  34.75263390273366,  33.71645996704194,  33.80976049964268,  34.09295145647276
6,  0.15,  SIGMOID,  MOMENTUM - ANNEALING,  33.94881173160675,  33.527216901812736,  34.57713470218725,  34.017721111868916
6,  0.15,  TANH,  ANNEALING,  34.10704732292356,  34.95762522576621,  34.07397346075893,  34.37954866981624
6,  0.15,  TANH,  MOMENTUM - ANNEALING,  34.92395417899883,  34.95022878042388,  34.996514448788325,  34.95689913607035
6,  0.15,  RELU,  ANNEALING,  38.74551626291795,  40.737271147578824, ,  42.82035129330302
6,  0.15,  RELU,  MOMENTUM - ANNEALING,  40.99205737103922,  41.444818461978066,  40.271794831821616,  40.90289022161297
6,  0.2,  SIGMOID,  ANNEALING,  33.658096207515115,  33.25790600229369,  33.066487038747816,  33.32749641618554
6,  0.2,  SIGMOID,  MOMENTUM - ANNEALING,  32.81426516970622,  34.589772631609016,  35.28632789113721,  34.230121897484146
6,  0.2,  TANH,  ANNEALING,  34.48287256095085,  34.45489975951257,  34.28285626311619,  34.40687619452654
6,  0.2,  TANH,  MOMENTUM - ANNEALING,  35.42916056902197,  35.23057009755363,  35.63819248566355,  35.43264105074638
6,  0.2,  RELU,  ANNEALING,  37.03713311628474,  39.05313703593695,  40.16878173905126,  38.753017297090985
6,  0.2,  RELU,  MOMENTUM - ANNEALING, ,  42.18922299999031,  39.045504639327724,  44.14407819313831
6,  0.25,  SIGMOID,  ANNEALING,  33.66778286672347,  33.62377488084582,  33.344605496214136,  33.54538774792781
6,  0.25,  SIGMOID,  MOMENTUM - ANNEALING,  33.53330971942895,  33.497347855776766,  34.693155979807486,  33.907937851671065
6,  0.25,  TANH,  ANNEALING,  34.795051498865696,  34.84389886505508,  34.666717584338315,  34.76855598275303
6,  0.25,  TANH,  MOMENTUM - ANNEALING,  35.41526036287307,  35.379821050940855,  35.394226932501546,  35.39643611543849
6,  0.25,  RELU,  ANNEALING, ,  40.74792920061252,  44.156057950323515,  46.09709733838729
6,  0.25,  RELU,  MOMENTUM - ANNEALING, ,  34.637946536005764,  39.047145445501805,  42.76333087157306
6,  0.3,  SIGMOID,  ANNEALING,  33.09119025808238,  34.650430782552725,  34.57798928174469,  34.106536774126596
6,  0.3,  SIGMOID,  MOMENTUM - ANNEALING,  34.38280888497755,  35.09791009760648,  36.15449310115539,  35.21173736124647
6,  0.3,  TANH,  ANNEALING,  35.03089531080625,  35.0449501755786,  34.92733565004475,  35.00106037880987
6,  0.3,  TANH,  MOMENTUM - ANNEALING, ,  34.955068581624545,  34.72774959104918,  36.967394585212
6,  0.3,  RELU,  ANNEALING,  40.93487517829648, ,  39.57595891556085,  43.500770052295856
6,  0.3,  RELU,  MOMENTUM - ANNEALING,  45.115804110617525,  44.98402551107954,  41.22261411642974,  43.77414791270894
6,  0.35,  SIGMOID,  ANNEALING,  34.667745184853565,  33.21375730013364,  32.74487110687885,  33.54212453062202
6,  0.35,  SIGMOID,  MOMENTUM - ANNEALING,  35.251902205391545,  35.03538512860992,  34.658809983617815,  34.98203243920643
6,  0.35,  TANH,  ANNEALING,  35.27748554789286,  35.27787663359222,  35.40459147320705,  35.31998455156404
6,  0.35,  TANH,  MOMENTUM - ANNEALING,  35.11240758152183,  35.445456349390895,  36.381326673197314,  35.64639686803668
6,  0.35,  RELU,  ANNEALING,  39.76443766366503,  38.48567415410646, ,  42.84826490596972
6,  0.35,  RELU,  MOMENTUM - ANNEALING,  44.812840108117086,  38.17971381783961,  42.09511261197354,  41.69588884597675
6,  0.4,  SIGMOID,  ANNEALING,  34.454871042967646,  34.33093066834833,  34.96725966885425,  34.58435379339007
6,  0.4,  SIGMOID,  MOMENTUM - ANNEALING,  35.31693620648747,  35.38473729651566,  34.76727038359984,  35.156314628867655
6,  0.4,  TANH,  ANNEALING,  35.60195979696947,  35.51496717850281,  35.41507010681025,  35.51066569409417
6,  0.4,  TANH,  MOMENTUM - ANNEALING,  41.30741693466298,  41.38955209232644,  41.68253030428819,  41.45983311042587
6,  0.4,  RELU,  ANNEALING,  39.507449581839076,  36.5892690307739,  35.656173066261765,  37.25096389295825
6,  0.4,  RELU,  MOMENTUM - ANNEALING, ,  48.83874259111345,  57.72545473588767,  48.238188652117366
6,  0.45,  SIGMOID,  ANNEALING,  34.49656770640256,  35.15144993952558,  35.432210970374214,  35.02674287210078
6,  0.45,  SIGMOID,  MOMENTUM - ANNEALING,  35.66276140901718,  33.67063783705429,  33.26603127596145,  34.19981017401097
6,  0.45,  TANH,  ANNEALING,  35.61182845441658,  35.58016053792636,  35.2975915403323,  35.49652684422508
6,  0.45,  TANH,  MOMENTUM - ANNEALING,  39.61778802818467,  40.12736983823696,  39.70481324731383,  39.816657037911824
6,  0.45,  RELU,  ANNEALING,  39.436821933130375,  40.228166128077724, ,  42.487900679219585
6,  0.45,  RELU,  MOMENTUM - ANNEALING,  50.88589266680841,  50.278197399477634,  50.83856552845758,  50.667551864914536
7,  0.05,  SIGMOID,  ANNEALING,  36.16679327046101,  36.62134920663308,  35.67508415056681,  36.154408875886965
7,  0.05,  SIGMOID,  MOMENTUM - ANNEALING,  34.61063033657499,  34.310519962497224,  34.9826074894437,  34.634585929505306
7,  0.05,  TANH,  ANNEALING,  33.61513071651831,  33.58067121100541,  33.65309702149495,  33.61629964967289
7,  0.05,  TANH,  MOMENTUM - ANNEALING,  33.84929761908775,  33.87996931652669,  33.83557773102507,  33.854948222213174
7,  0.05,  RELU,  ANNEALING, ,  35.24284077052446,  36.22012878704404,  40.3320466811553
7,  0.05,  RELU,  MOMENTUM - ANNEALING, ,  37.99674826012727,  35.40218449418512,  40.6883152417175
7,  0.1,  SIGMOID,  ANNEALING,  34.0970084024029,  34.46482524263754,  36.53780060916817,  35.033211418069534
7,  0.1,  SIGMOID,  MOMENTUM - ANNEALING,  34.633305682478294,  33.52963977286428,  34.70769161350709,  34.29021235628321
7,  0.1,  TANH,  ANNEALING,  33.77303407338966,  33.83656749378079,  33.81901328054145,  33.80953828257063
7,  0.1,  TANH,  MOMENTUM - ANNEALING,  34.36561588724833,  34.39169787699627,  34.429641698021946,  34.39565182075552
7,  0.1,  RELU,  ANNEALING,  38.372118499153764,  37.29595419659608,  35.14117772507525,  36.9364168069417
7,  0.1,  RELU,  MOMENTUM - ANNEALING,  39.46430232903307,  42.34017731138951,  38.39920339009524,  40.06789434350594
7,  0.15,  SIGMOID,  ANNEALING,  34.45089943077196,  33.40798594237578,  33.677232566779686,  33.84537264664248
7,  0.15,  SIGMOID,  MOMENTUM - ANNEALING,  33.65446756278878,  33.75125248900073,  34.5799308519155,  33.99521696790166
7,  0.15,  TANH,  ANNEALING,  34.306442884239786,  33.89477773785432,  34.14407472296483,  34.115098448352974
7,  0.15,  TANH,  MOMENTUM - ANNEALING,  35.01056166789697,  35.15158389730119,  35.018056261844976,  35.06006727568104
7,  0.15,  RELU,  ANNEALING,  36.09079426563553,  38.57838293471035,  36.44868796623533,  37.0392883888604
7,  0.15,  RELU,  MOMENTUM - ANNEALING,  40.78667451678612,  35.26831469305689,  39.31010185952516,  38.45503035645606
7,  0.2,  SIGMOID,  ANNEALING,  34.28396457452764,  33.83303392096084,  33.88728949914558,  34.001429331544685
7,  0.2,  SIGMOID,  MOMENTUM - ANNEALING,  33.99667265729782,  34.45231735493028,  33.20235547929372,  33.883781830507274
7,  0.2,  TANH,  ANNEALING,  34.43851621930042,  34.413850498680134,  34.47702110412576,  34.443129274035435
7,  0.2,  TANH,  MOMENTUM - ANNEALING,  35.490807053109016,  35.283681539427384,  35.38329816590283,  35.385928919479746
7,  0.2,  RELU,  ANNEALING,  36.21677545580033,  42.88553469250329,  39.0741532630302,  39.3921544704446
7,  0.2,  RELU,  MOMENTUM - ANNEALING,  41.00428818006141, ,  40.33999102891073,  44.109355008812344
7,  0.25,  SIGMOID,  ANNEALING,  34.97840000092207,  33.985429612413164,  34.3890259467773,  34.450951853370846
7,  0.25,  SIGMOID,  MOMENTUM - ANNEALING,  33.150821219062415,  35.52515560841872,  35.453518975303844,  34.709831934261665
7,  0.25,  TANH,  ANNEALING,  34.664250097528665,  34.735380437034756,  34.700565741070115,  34.70006542521117
7,  0.25,  TANH,  MOMENTUM - ANNEALING,  35.370839944195524,  35.501099946452875,  35.380932831541784,  35.41762424073006
7,  0.25,  RELU,  ANNEALING,  42.13761842200456,  36.82834687757645,  39.77451897239841,  39.58016142399314
7,  0.25,  RELU,  MOMENTUM - ANNEALING, ,  36.69979877606381,  38.858208756990734,  42.283862980844226
7,  0.3,  SIGMOID,  ANNEALING,  35.130862464917676,  34.683020079627724,  33.187188000335674,  34.33369018162703
7,  0.3,  SIGMOID,  MOMENTUM - ANNEALING,  34.241839548110015,  35.2464985161822,  35.55154985977191,  35.01329597468804
7,  0.3,  TANH,  ANNEALING,  34.8702897638679,  35.052338329656166,  34.98469680161988,  34.969108298381315
7,  0.3,  TANH,  MOMENTUM - ANNEALING,  35.39523380437758,  36.34334029687566,  36.36923286968486,  36.03593565697937
7,  0.3,  RELU,  ANNEALING,  34.30341282643377, ,  37.10844209029014,  38.12253313611086
7,  0.3,  RELU,  MOMENTUM - ANNEALING,  37.81521221399495,  37.17789780444941, ,  40.148253414979216
7,  0.35,  SIGMOID,  ANNEALING,  35.17917894924792,  34.19624422750799,  33.83153410886815,  34.402319095208014
7,  0.35,  SIGMOID,  MOMENTUM - ANNEALING,  36.231094871487215,  34.25942560222151,  33.15708105841475,  34.54920051070783
7,  0.35,  TANH,  ANNEALING,  35.25153436106765,  35.539873350041475,  35.453712819338705,  35.41504017681594
7,  0.35,  TANH,  MOMENTUM - ANNEALING,  36.101420536086685,  34.82577893564706,  34.898254036793645,  35.27515116950913
7,  0.35,  RELU,  ANNEALING,  36.91901360688388,  36.81037131169257,  37.33914505371524,  37.02284332409723
7,  0.35,  RELU,  MOMENTUM - ANNEALING, ,  42.66965061405401,  38.55479632147963,  46.92976149788555
7,  0.4,  SIGMOID,  ANNEALING,  35.28673298416609,  34.143725510355246,  31.887009698169205,  33.77248939756351
7,  0.4,  SIGMOID,  MOMENTUM - ANNEALING,  33.551308635743226,  32.89921860571537,  36.073344098550486,  34.174623780003024
7,  0.4,  TANH,  ANNEALING,  35.279346436868124,  35.45793875580444,  35.56827522379031,  35.435186805487625
7,  0.4,  TANH,  MOMENTUM - ANNEALING,  41.87425467763259,  39.28316851020421,  40.75034902768075,  40.635924071839185
7,  0.4,  RELU,  ANNEALING,  36.551048942423456,  40.08402598608608,  37.644773468870284,  38.093282799126605
7,  0.4,  RELU,  MOMENTUM - ANNEALING, ,  50.8845029994123,  63.073953102990835,  53.27045564254488
7,  0.45,  SIGMOID,  ANNEALING,  34.81946825360523,  35.85996102266333,  32.915748403076265,  34.531725893114945
7,  0.45,  SIGMOID,  MOMENTUM - ANNEALING,  35.95248372673376,  31.488345279520757,  32.62382451135411,  33.35488450586954
7,  0.45,  TANH,  ANNEALING,  35.60089514246561,  35.62772867783404,  35.555581547143554,  35.59473512248107
7,  0.45,  TANH,  MOMENTUM - ANNEALING,  40.13707585107093,  41.05357205964458,  39.797308511340255,  40.32931880735192
7,  0.45,  RELU,  ANNEALING,  39.713167999025956,  45.38907064030776,  41.4960589378258,  42.199432525719835
7,  0.45,  RELU,  MOMENTUM - ANNEALING, ,  63.10059923600907,  58.972108092034176,  56.15028195933012
8,  0.05,  SIGMOID,  ANNEALING,  35.78306903366889,  36.478775156542945,  35.79137945355778,  36.01774121458987
8,  0.05,  SIGMOID,  MOMENTUM - ANNEALING,  34.83363231205215,  34.81879663483371,  34.49502987475458,  34.71581960721348
8,  0.05,  TANH,  ANNEALING,  34.17756498199265,  33.584110995285705,  33.62332229997376,  33.79499942575071
8,  0.05,  TANH,  MOMENTUM - ANNEALING,  33.80121097647446,  33.82481775721787,  33.88482073780678,  33.83694982383303
8,  0.05,  RELU,  ANNEALING,  37.46916390441204,  39.070331547299205,  38.41016602396446,  38.316553825225235
8,  0.05,  RELU,  MOMENTUM - ANNEALING,  38.360996565803816,  34.17797238248566,  38.141735869529064,  36.89356827260618
8,  0.1,  SIGMOID,  ANNEALING,  34.82299473202546,  34.56476249247422,  34.56380441504792,  34.65052054651587
8,  0.1,  SIGMOID,  MOMENTUM - ANNEALING,  35.289259008632854,  34.07705247100036,  34.08429677882328,  34.483536086152164
8,  0.1,  TANH,  ANNEALING,  33.77838477567135,  33.78197501813525,  33.974745200665986,  33.84503499815753
8,  0.1,  TANH,  MOMENTUM - ANNEALING,  34.62445174955556,  34.35496864140812,  34.38703624477003,  34.45548554524457
8,  0.1,  RELU,  ANNEALING,  37.067343478911454,  41.34983410295921,  36.66372120653159,  38.360299596134084
8,  0.1,  RELU,  MOMENTUM - ANNEALING,  36.88250260144023,  34.62505470876776,  38.53728370762643,  36.681613672611476
8,  0.15,  SIGMOID,  ANNEALING,  34.55030247677139,  34.31992015364414,  34.84642341649309,  34.572215348969536
8,  0.15,  SIGMOID,  MOMENTUM - ANNEALING,  33.80994968927015,  34.93728787466403,  35.04775375545419,  34.59833043979612
8,  0.15,  TANH,  ANNEALING,  33.91295127889475,  34.17075399278896,  33.99533558345844,  34.02634695171405
8,  0.15,  TANH,  MOMENTUM - ANNEALING,  35.021299976418454,  34.85328418832828,  34.972754654410075,  34.94911293971894
8,  0.15,  RELU,  ANNEALING,  41.82799124332202,  38.469994866184564,  35.752583676603926,  38.683523262036836
8,  0.15,  RELU,  MOMENTUM - ANNEALING,  38.76124005996123, ,  34.456235181196305,  40.07434631581357
8,  0.2,  SIGMOID,  ANNEALING,  34.48330437773465,  33.93536131338083,  34.336178745503524,  34.251614812206334
8,  0.2,  SIGMOID,  MOMENTUM - ANNEALING,  34.23015989294237,  34.43311973352244,  33.335266821406364,  33.99951548262372
8,  0.2,  TANH,  ANNEALING,  34.26838166114297,  34.48029434469147,  34.46083033416292,  34.40316877999912
8,  0.2,  TANH,  MOMENTUM - ANNEALING,  35.26020163524057,  35.48180488813584,  35.595100876239485,  35.44570246653863
8,  0.2,  RELU,  ANNEALING,  37.135031824400805,  36.30707460065586,  38.28666104514231,  37.24292249006633
8,  0.2,  RELU,  MOMENTUM - ANNEALING,  41.52689800591668,  43.73496014035663,  41.735357449297105,  42.332405198523475
8,  0.25,  SIGMOID,  ANNEALING,  33.07826053679719,  34.7524146866586,  32.76884922926198,  33.533174817572586
8,  0.25,  SIGMOID,  MOMENTUM - ANNEALING,  34.0996531257856,  33.61391374981828,  34.97317127161572,  34.22891271573986
8,  0.25,  TANH,  ANNEALING,  34.668594463340355,  34.667267038491964,  34.709843278362705,  34.681901593398344
8,  0.25,  TANH,  MOMENTUM - ANNEALING,  35.46742312866908,  35.41224364437491,  35.5841921083779,  35.48795296047396
8,  0.25,  RELU,  ANNEALING,  37.67106694033996,  39.556358237984696,  36.68664791293129,  37.97135769708532
8,  0.25,  RELU,  MOMENTUM - ANNEALING,  37.65104195856248,  39.136165038267684,  41.24053701483151,  39.34258133722056
8,  0.3,  SIGMOID,  ANNEALING,  35.152830231816225,  34.992319735640585,  34.981747549792125,  35.04229917241631
8,  0.3,  SIGMOID,  MOMENTUM - ANNEALING,  35.884537056174736,  33.37037508946571,  34.48438909867862,  34.57976708143969
8,  0.3,  TANH,  ANNEALING,  35.018492542435,  35.1025121912792,  35.085504444817246,  35.068836392843814
8,  0.3,  TANH,  MOMENTUM - ANNEALING,  35.630847644876106,  35.07478204891697,  36.30160229830883,  35.66907733070064
8,  0.3,  RELU,  ANNEALING,  31.28939123248075,  36.32506778102482,  35.954021395800254,  34.52282680310194
8,  0.3,  RELU,  MOMENTUM - ANNEALING,  53.51652368083449,  49.18290327784209, ,  48.124903783302074
8,  0.35,  SIGMOID,  ANNEALING,  34.47699323174108,  33.360577302264076,  34.559690307564416,  34.132420280523185
8,  0.35,  SIGMOID,  MOMENTUM - ANNEALING,  33.84002345659156,  35.36723368847518,  33.80073188507013,  34.33599634337895
8,  0.35,  TANH,  ANNEALING,  35.2589744412671,  35.30626670742783,  35.37616591858468,  35.31380235575987
8,  0.35,  TANH,  MOMENTUM - ANNEALING,  34.87347249094878,  34.893473164468816,  34.641094037812614,  34.80267989774341
8,  0.35,  RELU,  ANNEALING,  39.222018256499005,  40.627171472323525,  37.32412117056867,  39.05777029979706
8,  0.35,  RELU,  MOMENTUM - ANNEALING,  46.022231257957465, ,  40.60848632532355,  49.14692222735613
8,  0.4,  SIGMOID,  ANNEALING,  35.696788799539824,  34.7924999501679,  33.561159818484875,  34.683482856064195
8,  0.4,  SIGMOID,  MOMENTUM - ANNEALING,  33.63279367126218,  34.45689541247299,  35.671358370693866,  34.58701581814301
8,  0.4,  TANH,  ANNEALING,  35.61243984483031,  35.57834370311636,  35.289967628684245,  35.49358372554364
8,  0.4,  TANH,  MOMENTUM - ANNEALING,  41.02051104195143,  40.20901295904605,  39.08007501864384,  40.10319967321377
8,  0.4,  RELU,  ANNEALING,  37.48487886856833,  39.44644378508096,  42.01758371235064,  39.64963545533331
8,  0.4,  RELU,  MOMENTUM - ANNEALING, ,  61.54180261795445,  62.06841843564954,  52.94658517912121
8,  0.45,  SIGMOID,  ANNEALING,  34.483539072068226,  34.00176217351287,  35.678964595303015,  34.72142194696137
8,  0.45,  SIGMOID,  MOMENTUM - ANNEALING,  35.40894010042952,  33.48046445794361,  34.26694973975503,  34.38545143270938
8,  0.45,  TANH,  ANNEALING,  35.68486448792092,  35.49573298759805,  35.648248677052955,  35.60961538419064
8,  0.45,  TANH,  MOMENTUM - ANNEALING,  40.1940079279266,  39.35535758809761,  40.20003456023546,  39.91646669208655
8,  0.45,  RELU,  ANNEALING,  39.20690630616608,  39.59978729690997,  37.882924495517145,  38.896539366197736
8,  0.45,  RELU,  MOMENTUM - ANNEALING, ,  41.32209123889068,  51.15151740207193,  51.69500952803225
9,  0.05,  SIGMOID,  ANNEALING,  36.457420214099805,  35.36302898922121,  36.6097878913797,  36.143412364900236
9,  0.05,  SIGMOID,  MOMENTUM - ANNEALING,  34.49890826471026,  34.789472480318935,  34.62627266839764,  34.63821780447561
9,  0.05,  TANH,  ANNEALING,  33.69850605614311,  33.583096586782254,  33.6142743522616,  33.63195899839565
9,  0.05,  TANH,  MOMENTUM - ANNEALING,  33.85968426308172,  33.89628081798755,  34.06096942533477,  33.93897816880135
9,  0.05,  RELU,  ANNEALING,  36.133066089925705,  36.4941958901401,  39.46053924726097,  37.36260040910893
9,  0.05,  RELU,  MOMENTUM - ANNEALING,  37.96623708046772,  35.7746785335011,  39.64896315500236,  37.79662625632373
9,  0.1,  SIGMOID,  ANNEALING,  34.58418993511658,  35.26336458795715,  34.123640368415124,  34.65706496382962
9,  0.1,  SIGMOID,  MOMENTUM - ANNEALING,  33.84618080399206,  33.78093179569369,  34.98237518243464,  34.20316259404013
9,  0.1,  TANH,  ANNEALING,  33.764835155149996,  33.80504649223316,  33.80177048878925,  33.79055071205747
9,  0.1,  TANH,  MOMENTUM - ANNEALING,  34.441001799049175,  34.38573102761643,  34.603910004057525,  34.47688094357438
9,  0.1,  RELU,  ANNEALING,  41.05949321627279,  36.482521891895544,  36.14843611094327,  37.8968170730372
9,  0.1,  RELU,  MOMENTUM - ANNEALING,  38.68731759998908,  35.36075270435265,  37.819724869535754,  37.28926505795916
9,  0.15,  SIGMOID,  ANNEALING,  34.27839411661839,  34.75560180398317,  34.1335293049092,  34.38917507517025
9,  0.15,  SIGMOID,  MOMENTUM - ANNEALING,  34.85091051040749,  35.67138076023349,  35.484660022800554,  35.33565043114718
9,  0.15,  TANH,  ANNEALING,  34.015257360389526,  34.12928386092122,  33.86565443368484,  34.00339855166519
9,  0.15,  TANH,  MOMENTUM - ANNEALING,  34.85060430033278,  35.002031107716014,  35.01366607196826,  34.955433826672355
9,  0.15,  RELU,  ANNEALING,  37.789238701562304,  35.749272397746985,  37.94513676692672,  37.161215955412004
9,  0.15,  RELU,  MOMENTUM - ANNEALING,  34.06246825886657,  36.46740777801635,  34.64999979095906,  35.05995860928066
9,  0.2,  SIGMOID,  ANNEALING,  34.05327385064457,  33.97395626891751,  34.0187716053951,  34.015333908319064
9,  0.2,  SIGMOID,  MOMENTUM - ANNEALING,  35.051536816421496,  33.93987297486231,  35.64793282654701,  34.879780872610276
9,  0.2,  TANH,  ANNEALING,  34.35500907152095,  34.29812958275541,  34.25987981946815,  34.30433949124817
9,  0.2,  TANH,  MOMENTUM - ANNEALING,  35.4870313184944,  35.498602942608095,  35.09605707127911,  35.360563777460534
9,  0.2,  RELU,  ANNEALING,  35.80975862931791,  37.91853191398998,  37.316774587165185,  37.01502171015769
9,  0.2,  RELU,  MOMENTUM - ANNEALING,  41.33391534776141,  37.921545246882005,  38.884384441228605,  39.37994834529067
9,  0.25,  SIGMOID,  ANNEALING,  33.226906723689304,  34.11665794030448,  34.13421423578354,  33.825926299925776
9,  0.25,  SIGMOID,  MOMENTUM - ANNEALING,  35.221224145566204,  33.68507270613009,  35.84067395790042,  34.91565693653224
9,  0.25,  TANH,  ANNEALING,  34.6172803225361,  34.67889592408137,  34.67134897487792,  34.65584174049846
9,  0.25,  TANH,  MOMENTUM - ANNEALING,  35.494571689260155,  35.382694177375114,  35.34817186037566,  35.40847924233697
9,  0.25,  RELU,  ANNEALING,  39.468096969486986,  36.08922524782807,  36.064895356801664,  37.2074058580389
9,  0.25,  RELU,  MOMENTUM - ANNEALING,  37.764943354043794,  39.697425953366746,  42.72459834694474,  40.06232255145176
9,  0.3,  SIGMOID,  ANNEALING,  33.277834646670144,  35.03073024955962,  35.45766300939069,  34.58874263520682
9,  0.3,  SIGMOID,  MOMENTUM - ANNEALING,  36.15032912469967,  34.83599123707158,  33.93937539879186,  34.9752319201877
9,  0.3,  TANH,  ANNEALING,  34.92182770792026,  34.96075677510124,  34.795616798294766,  34.89273376043875
9,  0.3,  TANH,  MOMENTUM - ANNEALING,  35.43721699500746,  40.02035180175254,  35.05440047627824,  36.83732309101274
9,  0.3,  RELU,  ANNEALING,  38.621915978637816,  34.74112158667754,  39.99314160219287,  37.785393055836074
9,  0.3,  RELU,  MOMENTUM - ANNEALING,  38.906890248328814,  45.85798820866808,  41.25887759910353,  42.00791868536681
9,  0.35,  SIGMOID,  ANNEALING,  33.56640027749424,  33.44718983231427,  33.31977584268113,  33.444455317496555
9,  0.35,  SIGMOID,  MOMENTUM - ANNEALING,  33.56340398013043,  33.28168285375633,  36.12315947867197,  34.32274877085291
9,  0.35,  TANH,  ANNEALING,  35.412174279855186,  35.23933638329847,  35.35229562262502,  35.33460209525956
9,  0.35,  TANH,  MOMENTUM - ANNEALING,  38.098814445582725,  37.77670686024234,  35.7106381046139,  37.195386470146325
9,  0.35,  RELU,  ANNEALING,  35.112591554878904,  35.782800657040305,  38.17208194531904,  36.355824719079415
9,  0.35,  RELU,  MOMENTUM - ANNEALING, ,  38.059327279259946,  39.5772976614434,  41.03265068402751
9,  0.4,  SIGMOID,  ANNEALING,  35.33980820089297,  34.146798616302824,  33.53937299717942,  34.3419932714584
9,  0.4,  SIGMOID,  MOMENTUM - ANNEALING,  34.14445036995001,  35.72270703551886,  35.024033660911336,  34.963730355460065
9,  0.4,  TANH,  ANNEALING,  35.36312123481476,  35.54535041510653,  35.25210516418543,  35.38685893803557
9,  0.4,  TANH,  MOMENTUM - ANNEALING,  40.352348677121284,  40.3032626017685,  40.79117960071034,  40.482263626533374
9,  0.4,  RELU,  ANNEALING,  36.7150321531367,  38.44740308009342,  38.478175017986764,  37.880203417072295
9,  0.4,  RELU,  MOMENTUM - ANNEALING,  50.91753837953489, ,  54.93890469659897,  50.56900064837286
9,  0.45,  SIGMOID,  ANNEALING,  35.663265914108145,  33.99202338538479,  35.17892203183953,  34.94473711044415
9,  0.45,  SIGMOID,  MOMENTUM - ANNEALING,  35.79508264199832,  34.87522158037291,  33.7461109791187,  34.805471733829975
9,  0.45,  TANH,  ANNEALING,  35.56192307613355,  35.5880512130152,  35.34902668220634,  35.4996669904517
9,  0.45,  TANH,  MOMENTUM - ANNEALING,  39.52568412871479,  39.81683443077751,  39.37117519793822,  39.57123125247684
9,  0.45,  RELU,  ANNEALING,  36.52352013814591,  35.85187361110202, ,  38.3036748616535
9,  0.45,  RELU,  MOMENTUM - ANNEALING, ,  51.19874826634249,  46.16675735036169,  53.46942178801072
10,  0.05,  SIGMOID,  ANNEALING,  35.49047256094354,  35.98918129824507,  35.36266206381909,  35.61410530766923
10,  0.05,  SIGMOID,  MOMENTUM - ANNEALING,  34.867380998697584,  34.897272837490455,  34.60900422145667,  34.79121935254824
10,  0.05,  TANH,  ANNEALING,  34.38925940361197,  33.89233441201912,  33.599827946220266,  33.96047392061712
10,  0.05,  TANH,  MOMENTUM - ANNEALING, ,  33.80790184314794,  34.01340722682846,  37.67104217168731
10,  0.05,  RELU,  ANNEALING,  38.8956796529087,  37.78023950870056,  36.2439861411584,  37.639968434255884
10,  0.05,  RELU,  MOMENTUM - ANNEALING,  37.897834260234816,  35.58271575002375,  39.44151860062406,  37.64068953696088
10,  0.1,  SIGMOID,  ANNEALING,  35.02777552449647,  34.180624579627754,  34.74590540993403,  34.65143517135275
10,  0.1,  SIGMOID,  MOMENTUM - ANNEALING,  34.524975413832685,  34.45814993876764,  33.46380605548145,  34.14897713602726
10,  0.1,  TANH,  ANNEALING,  33.88186807922877,  33.684430923886545,  33.83955412024277,  33.80195104111936
10,  0.1,  TANH,  MOMENTUM - ANNEALING,  34.39091273810725,  34.44451094766137,  34.37496116239863,  34.40346161605575
10,  0.1,  RELU,  ANNEALING,  36.06424212946394,  36.90420129673611,  37.47557745540839,  36.814673627202815
10,  0.1,  RELU,  MOMENTUM - ANNEALING,  38.59484836154732,  36.91727410366689,  36.93704826206468,  37.483056909092966
10,  0.15,  SIGMOID,  ANNEALING,  34.381480659774475,  35.249992451266856,  34.98444442574306,  34.871972512261465
10,  0.15,  SIGMOID,  MOMENTUM - ANNEALING,  33.64993538528492,  34.057681963920686,  34.8178800963368,  34.175165815180804
10,  0.15,  TANH,  ANNEALING,  34.12901531619222,  33.96276784642586,  33.96769828473425,  34.01982714911745
10,  0.15,  TANH,  MOMENTUM - ANNEALING,  34.90162215677104,  34.7062979108823,  34.92096605230979,  34.842962039987704
10,  0.15,  RELU,  ANNEALING,  38.26140593177809,  39.939368407343466,  35.362545130483205,  37.85443982320158
10,  0.15,  RELU,  MOMENTUM - ANNEALING,  37.78991943839634,  39.648530657294266, ,  41.991078197944816
10,  0.2,  SIGMOID,  ANNEALING,  33.277871056665475,  34.83945881241973,  34.96536599338693,  34.36089862082405
10,  0.2,  SIGMOID,  MOMENTUM - ANNEALING,  34.02392409867638,  34.632854896139854,  35.016766516043226,  34.55784850361982
10,  0.2,  TANH,  ANNEALING,  34.12167207393568,  34.4492551447928,  35.78983468230912,  34.7869206336792
10,  0.2,  TANH,  MOMENTUM - ANNEALING,  35.389279450584326,  35.218978121407964,  35.54732191400094,  35.38519316199774
10,  0.2,  RELU,  ANNEALING,  41.11848162595139,  41.114495916275615, ,  39.23564002223552
10,  0.2,  RELU,  MOMENTUM - ANNEALING,  38.557132018390455,  42.210780831604524,  35.77294595011553,  38.84695293337017
10,  0.25,  SIGMOID,  ANNEALING,  35.1502399143278,  35.12985805638705,  34.88595466211191,  35.05535087760892
10,  0.25,  SIGMOID,  MOMENTUM - ANNEALING,  35.466474798081315,  34.11739996691542,  35.52475882719677,  35.03621119739784
10,  0.25,  TANH,  ANNEALING,  34.63722725682246,  34.73324093494268,  34.70271127353569,  34.69105982176694
10,  0.25,  TANH,  MOMENTUM - ANNEALING,  35.641256829958735,  35.4960634633939,  35.41903202313796,  35.51878410549687
10,  0.25,  RELU,  ANNEALING,  40.3260535807865,  37.8531253627834,  37.674751338084924,  38.617976760551606
10,  0.25,  RELU,  MOMENTUM - ANNEALING, ,  38.051702943718915,  36.71382898656795,  41.6183156313259
10,  0.3,  SIGMOID,  ANNEALING,  34.76354957972272,  32.928124635445776,  35.03157672878146,  34.24108364798332
10,  0.3,  SIGMOID,  MOMENTUM - ANNEALING,  34.32919651654949,  34.45845872192078,  36.0425044877857,  34.94338657541866
10,  0.3,  TANH,  ANNEALING,  34.9392283284923,  34.97345707405171,  35.051942470066905,  34.98820929087031
10,  0.3,  TANH,  MOMENTUM - ANNEALING,  35.61787257441513,  34.722771443346986,  35.016335235117786,  35.1189930842933
10,  0.3,  RELU,  ANNEALING,  36.53858435139954,  37.41685608245557,  37.70513506517873,  37.22019183301128
10,  0.3,  RELU,  MOMENTUM - ANNEALING,  41.31181764972486,  36.57713385489335,  44.48506739721322,  40.79133963394381
10,  0.35,  SIGMOID,  ANNEALING,  33.829647866071575,  35.211103311968735,  35.28793829738673,  34.776229825142345
10,  0.35,  SIGMOID,  MOMENTUM - ANNEALING,  34.761270690650306,  35.870659008200356,  34.15639895230864,  34.929442883719766
10,  0.35,  TANH,  ANNEALING,  35.459723762814825,  35.32968475116032,  35.426281003951104,  35.40522983930875
10,  0.35,  TANH,  MOMENTUM - ANNEALING,  37.182017200697,  35.68019002190652,  36.08262575030592,  36.31494432430315
10,  0.35,  RELU,  ANNEALING,  39.95347935495914,  38.27170540019515,  38.27002031827587,  38.83173502447672
10,  0.35,  RELU,  MOMENTUM - ANNEALING,  47.55670719311073, ,  45.04185425366666,  44.0601722512831
10,  0.4,  SIGMOID,  ANNEALING,  35.030297019409154,  33.330142435907504,  35.860705402596075,  34.74038161930424
10,  0.4,  SIGMOID,  MOMENTUM - ANNEALING,  35.48798195548797,  35.11459136862763,  34.10742732801334,  34.90333355070965
10,  0.4,  TANH,  ANNEALING,  35.526455742422826,  35.60805022956951,  35.62830729922822,  35.58760442374018
10,  0.4,  TANH,  MOMENTUM - ANNEALING,  41.22012797793348,  39.715958679932,  40.762636976813916,  40.5662412115598
10,  0.4,  RELU,  ANNEALING,  35.56339691777286,  37.44095973362528, ,  38.48324233125886
10,  0.4,  RELU,  MOMENTUM - ANNEALING,  51.17767564104385,  47.982757313521994,  45.99530823039004,  48.38524706165196
10,  0.45,  SIGMOID,  ANNEALING,  33.768455974087175,  32.54099529292003,  33.6793798175641,  33.32961036152377
10,  0.45,  SIGMOID,  MOMENTUM - ANNEALING,  34.83910659768278,  34.96111404969419,  35.38050976470291,  35.06024347069329
10,  0.45,  TANH,  ANNEALING,  35.30033452135306,  35.59162601056401,  35.52875682108871,  35.47357245100193
10,  0.45,  TANH,  MOMENTUM - ANNEALING,  40.57930893472456,  40.39504905207364,  40.06064878613264,  40.345002257643614
10,  0.45,  RELU,  ANNEALING,  35.912319723474624,  34.44505083723863,  34.21761312362511,  34.85832789477946
10,  0.45,  RELU,  MOMENTUM - ANNEALING, ,  46.90720387022268,  46.3344726328084,  51.94748619985302
11,  0.05,  SIGMOID,  ANNEALING,  35.89542438463,  36.1173780942404,  36.12159323006108,  36.044798569643824
11,  0.05,  SIGMOID,  MOMENTUM - ANNEALING,  35.152713109602814,  34.36344850935456,  34.627700489987205,  34.71462070298153
11,  0.05,  TANH,  ANNEALING,  33.72689925879979,  33.62960696599869,  33.79358830375063,  33.71669817618304
11,  0.05,  TANH,  MOMENTUM - ANNEALING,  33.88758917567137,  34.86347737789139,  34.39539163897163,  34.3821527308448
11,  0.05,  RELU,  ANNEALING,  35.62846443128193,  36.63868649125665, ,  38.49030976911419
11,  0.05,  RELU,  MOMENTUM - ANNEALING,  37.55426211733274,  35.994132896228656, ,  41.61269354946586
11,  0.1,  SIGMOID,  ANNEALING,  34.38539695224467,  35.519962145428266,  34.076227029913035,  34.660528709195326
11,  0.1,  SIGMOID,  MOMENTUM - ANNEALING,  33.79857354225657,  34.407309496953424,  34.14319615225206,  34.11635973048735
11,  0.1,  TANH,  ANNEALING,  33.845738304259946,  33.80979383851859,  33.79112734325424,  33.81555316201092
11,  0.1,  TANH,  MOMENTUM - ANNEALING,  34.59571859914254,  34.30126413730481,  34.27506307512036,  34.390681937189235
11,  0.1,  RELU,  ANNEALING,  36.21085670762057,  36.00034357038587,  38.74671254351874,  36.985970940508395
11,  0.1,  RELU,  MOMENTUM - ANNEALING,  43.09039422228171,  36.48172853836636,  38.76068238307044,  39.4442683812395
11,  0.15,  SIGMOID,  ANNEALING,  34.50196871352877,  34.97706078459381,  34.071116254510336,  34.51671525087764
11,  0.15,  SIGMOID,  MOMENTUM - ANNEALING,  35.02318876621227,  33.64434368759891,  35.27249315374497,  34.646675202518715
11,  0.15,  TANH,  ANNEALING,  33.97106823576115,  34.0079404884255,  34.08563164434783,  34.0215467895115
11,  0.15,  TANH,  MOMENTUM - ANNEALING,  34.89355918530539,  34.86042956913839,  34.856725228410454,  34.87023799428474
11,  0.15,  RELU,  ANNEALING, ,  40.8290065914917,  31.54136106679427,  40.30888545242275
11,  0.15,  RELU,  MOMENTUM - ANNEALING,  39.972888096605864,  32.227088920277566,  36.98414887209745,  36.39470862966029
11,  0.2,  SIGMOID,  ANNEALING,  34.2308452777053,  33.78051802503528,  33.64583827357587,  33.88573385877215
11,  0.2,  SIGMOID,  MOMENTUM - ANNEALING,  35.47786928176892,  35.76011276648266,  34.64663352186084,  35.29487185670414
11,  0.2,  TANH,  ANNEALING,  34.17928383213044,  34.395213749769496,  34.41667546350623,  34.33039101513538
11,  0.2,  TANH,  MOMENTUM - ANNEALING,  35.5700556411774,  35.42826719528009,  34.90928112535765,  35.30253465393838
11,  0.2,  RELU,  ANNEALING,  33.5754019754349,  34.87621209892521, ,  36.57125200042679
11,  0.2,  RELU,  MOMENTUM - ANNEALING,  45.6978783070373,  45.932560324830845, ,  43.09648785751221
11,  0.25,  SIGMOID,  ANNEALING,  34.379963901249646,  33.942028431072785,  34.537822331518264,  34.2866048879469
11,  0.25,  SIGMOID,  MOMENTUM - ANNEALING,  35.04849050843014,  34.45938087257049,  35.508229745548974,  35.0053670421832
11,  0.25,  TANH,  ANNEALING,  34.67632296786088,  34.65980434724396,  34.63890644134492,  34.658344585483256
11,  0.25,  TANH,  MOMENTUM - ANNEALING,  35.4635641248877,  35.2303765725943,  35.60102853109617,  35.431656409526056
11,  0.25,  RELU,  ANNEALING,  40.926257094031236,  38.92070413510951,  38.58734210943034,  39.478101112857026
11,  0.25,  RELU,  MOMENTUM - ANNEALING,  41.09150868201857,  39.9884735628807,  36.48785368968171,  39.18927864486033
11,  0.3,  SIGMOID,  ANNEALING,  35.031782976785465,  34.711255336013,  35.31176740517912,  35.018268572659196
11,  0.3,  SIGMOID,  MOMENTUM - ANNEALING,  35.05838172521796,  35.44592309654693,  36.015567166105484,  35.506623995956794
11,  0.3,  TANH,  ANNEALING,  35.04759637695185,  34.8066788114302,  34.77434958582073,  34.87620825806759
11,  0.3,  TANH,  MOMENTUM - ANNEALING,  35.38310221491137,  37.34438608514618,  37.389474509801445,  36.705654269953
11,  0.3,  RELU,  ANNEALING,  39.06403181237562,  38.51635528507911,  36.179440804429426,  37.91994263396138
11,  0.3,  RELU,  MOMENTUM - ANNEALING, ,  40.92526531805036,  44.4676914910378,  40.04163137047784
11,  0.35,  SIGMOID,  ANNEALING,  33.41456107224674,  35.47236540084052,  34.2405265139192,  34.37581766233549
11,  0.35,  SIGMOID,  MOMENTUM - ANNEALING,  35.92864904613865,  34.80995187765514,  34.221695016014735,  34.98676531326951
11,  0.35,  TANH,  ANNEALING,  35.06896582696392,  35.19895110716149,  35.4335022866543,  35.23380640692657
11,  0.35,  TANH,  MOMENTUM - ANNEALING,  38.39923617940959,  35.73044097714765,  37.10853080006459,  37.07940265220728
11,  0.35,  RELU,  ANNEALING,  40.550279304296176, ,  39.426205153916825,  36.73070587116089
11,  0.35,  RELU,  MOMENTUM - ANNEALING,  47.36853471466121, ,  44.79258369666322,  43.94341250448275
11,  0.4,  SIGMOID,  ANNEALING,  34.94844446176634,  35.256646785980266,  34.72484574018295,  34.976645662643186
11,  0.4,  SIGMOID,  MOMENTUM - ANNEALING,  35.031730249050796,  34.2685878098386,  34.90727335225437,  34.73586380371459
11,  0.4,  TANH,  ANNEALING,  35.225143012725916,  35.491270605688854,  35.073912551081214,  35.26344205649866
11,  0.4,  TANH,  MOMENTUM - ANNEALING,  39.461385610761305,  41.43545522097402,  38.780972611531205,  39.892604481088846
11,  0.4,  RELU,  ANNEALING,  44.90835095133654, ,  46.15950287811299,  43.272720143398885
11,  0.4,  RELU,  MOMENTUM - ANNEALING,  38.32167845756018, ,  40.410669505583414,  44.44197756835396
11,  0.45,  SIGMOID,  ANNEALING,  34.42072730959137,  35.85226783213785,  32.32745366414425,  34.200149601957825
11,  0.45,  SIGMOID,  MOMENTUM - ANNEALING,  33.68341017716915,  35.22743879108385,  35.95687086201108,  34.95590661008802
11,  0.45,  TANH,  ANNEALING,  35.15163278008495,  35.225235152028795,  35.207830233010064,  35.19489938837461
11,  0.45,  TANH,  MOMENTUM - ANNEALING,  39.89779021293899,  40.49376178230901,  39.62761420263137,  40.006388732626455
11,  0.45,  RELU,  ANNEALING,  34.137762720933296,  38.794380919466704,  36.55578769002827,  36.49597711014275
11,  0.45,  RELU,  MOMENTUM - ANNEALING,  51.17394864444114, ,  57.096997350016494,  49.215463907087404
12,  0.05,  SIGMOID,  ANNEALING,  36.49812232565056,  36.931076324424616,  35.43596852675121,  36.28838905894213
12,  0.05,  SIGMOID,  MOMENTUM - ANNEALING,  35.07349056789252,  34.66338755063498,  35.41333595511361,  35.05007135788037
12,  0.05,  TANH,  ANNEALING,  33.65364693646883,  33.91530449397065,  33.64031080021951,  33.736420743553
12,  0.05,  TANH,  MOMENTUM - ANNEALING,  33.895603273431874,  33.835769393144965,  33.83463235598374,  33.855335007520196
12,  0.05,  RELU,  ANNEALING,  37.162855673402724,  35.93708389959206,  34.64915478908561,  35.91636478736013
12,  0.05,  RELU,  MOMENTUM - ANNEALING,  36.87891227945533,  32.78308724608545,  34.56460211558147,  34.742200547040746
12,  0.1,  SIGMOID,  ANNEALING,  34.730554069425956,  35.333258064879885,  35.29853670703632,  35.12078294711405
12,  0.1,  SIGMOID,  MOMENTUM - ANNEALING,  33.30915454191967,  34.31983435699647,  35.33166182526541,  34.32021690806051
12,  0.1,  TANH,  ANNEALING,  33.86307484747925,  33.961586312407405,  33.76297205296236,  33.86254440428301
12,  0.1,  TANH,  MOMENTUM - ANNEALING,  34.345472523074946,  34.37824908570991,  34.210414417309174,  34.31137867536467
12,  0.1,  RELU,  ANNEALING,  36.63460196248214,  37.17474377609123,  38.615860118692915,  37.475068619088766
12,  0.1,  RELU,  MOMENTUM - ANNEALING,  36.96826228448498, ,  37.26861363568106,  39.33447472971054
12,  0.15,  SIGMOID,  ANNEALING,  34.90976415899618,  35.301870388070085,  34.404865814847646,  34.87216678730464
12,  0.15,  SIGMOID,  MOMENTUM - ANNEALING,  34.79639373625391,  34.14212059737134,  35.23054809461228,  34.72302080941251
12,  0.15,  TANH,  ANNEALING,  33.86669072242589,  33.9976012742802,  34.06832300122881,  33.97753833264497
12,  0.15,  TANH,  MOMENTUM - ANNEALING,  34.78484761218381,  34.61665096611515,  34.96425558907891,  34.78858472245929
12,  0.15,  RELU,  ANNEALING,  37.934199382367076,  34.905825561327795,  34.250739903092075,  35.69692161559565
12,  0.15,  RELU,  MOMENTUM - ANNEALING,  31.85792027832954, ,  36.853071042232955,  36.89884369007488
12,  0.2,  SIGMOID,  ANNEALING,  34.35612612034249,  35.02854541091585,  34.201033358681954,  34.52856829664676
12,  0.2,  SIGMOID,  MOMENTUM - ANNEALING,  35.461225842858504,  34.28410178045953,  34.79920255676433,  34.84817672669412
12,  0.2,  TANH,  ANNEALING,  34.43610545751686,  34.35670801324701,  34.25143697705086,  34.348083482604906
12,  0.2,  TANH,  MOMENTUM - ANNEALING,  35.411154811812764,  35.5175429356829,  35.31605900001033,  35.41491891583533
12,  0.2,  RELU,  ANNEALING,  36.908253593375825,  35.834464661806,  35.88962792221248,  36.21078205913144
12,  0.2,  RELU,  MOMENTUM - ANNEALING,  38.69950708256442, ,  37.48863603562635,  42.7757373589341
12,  0.25,  SIGMOID,  ANNEALING,  35.42942414554927,  34.80532646746864,  34.44635938959542,  34.893703334204446
12,  0.25,  SIGMOID,  MOMENTUM - ANNEALING,  34.74536976913053,  33.6384386411211,  35.12374625356732,  34.50251822127298
12,  0.25,  TANH,  ANNEALING,  34.66522534356535,  34.532078732387134,  36.10826057222329,  35.101854882725256
12,  0.25,  TANH,  MOMENTUM - ANNEALING,  35.53664326496866,  35.52426294033403,  35.30856120299058,  35.45648913609776
12,  0.25,  RELU,  ANNEALING,  34.08417679002484,  33.31401346623877,  37.46280766361264,  34.95366597329208
12,  0.25,  RELU,  MOMENTUM - ANNEALING,  39.34291803147415,  37.091824618075215, ,  41.82146288408684
12,  0.3,  SIGMOID,  ANNEALING,  34.72077654982365,  34.35167153033485,  34.94568861142909,  34.67271223052919
12,  0.3,  SIGMOID,  MOMENTUM - ANNEALING,  35.966392833145214,  35.78443825425403,  35.24706251497659,  35.66596453412527
12,  0.3,  TANH,  ANNEALING,  34.970856231424655,  35.10743558408595,  34.857241542390504,  34.97851111930037
12,  0.3,  TANH,  MOMENTUM - ANNEALING,  35.25760918078293,  40.73902544247574,  36.20317418572555,  37.3999362696614
12,  0.3,  RELU,  ANNEALING, ,  40.82920542996339,  38.91667686436055,  37.195700819975876
12,  0.3,  RELU,  MOMENTUM - ANNEALING,  36.77267832136107,  39.89289899382828,  35.726341279277705,  37.46397286482235
12,  0.35,  SIGMOID,  ANNEALING,  34.095683492145504,  34.17519984894432,  35.42591057194109,  34.5655979710103
12,  0.35,  SIGMOID,  MOMENTUM - ANNEALING,  36.058324563871494,  35.16203381378265,  36.10255686910442,  35.77430508225286
12,  0.35,  TANH,  ANNEALING,  35.337719809407936,  35.15241534354319,  34.93074679237096,  35.14029398177403
12,  0.35,  TANH,  MOMENTUM - ANNEALING,  37.808683915742165,  35.25125493399457,  35.53320443958552,  36.19771442977409
12,  0.35,  RELU,  ANNEALING,  34.67065692925025, ,  36.233332456751064,  37.86169531432741
12,  0.35,  RELU,  MOMENTUM - ANNEALING,  37.33952127343156,  38.27636609021406,  38.484972906679744,  38.03362009010845
12,  0.4,  SIGMOID,  ANNEALING,  34.660127420775495,  35.055133763174645,  35.62473654141388,  35.11333257512134
12,  0.4,  SIGMOID,  MOMENTUM - ANNEALING,  33.08431974080625,  35.586689878309116,  35.15051192500128,  34.60717384803888
12,  0.4,  TANH,  ANNEALING,  35.44716102565841,  35.3386093701251,  35.39736279544971,  35.39437773041107
12,  0.4,  TANH,  MOMENTUM - ANNEALING,  41.210528986955595,  41.17811549627888,  38.02881789164918,  40.139154124961216
12,  0.4,  RELU,  ANNEALING,  34.93219084531402,  38.0631253112916,  34.81209014954546,  35.93580210205036
12,  0.4,  RELU,  MOMENTUM - ANNEALING,  45.73447842022991, ,  44.99560973190142,  41.73153738167133
12,  0.45,  SIGMOID,  ANNEALING,  35.69236731716264,  35.38959438289182,  33.48149669565369,  34.85448613190272
12,  0.45,  SIGMOID,  MOMENTUM - ANNEALING,  35.086609900830986,  35.91732382392196,  33.59499954168648,  34.86631108881314
12,  0.45,  TANH,  ANNEALING,  35.62418430061217,  35.473835644433485,  35.62097216170517,  35.57299736891694
12,  0.45,  TANH,  MOMENTUM - ANNEALING,  39.4832240309629,  40.57071999847124,  40.43667139414113,  40.16353847452509
12,  0.45,  RELU,  ANNEALING,  38.951669593109884,  36.52171462447202,  40.779534967576474,  38.750973061719456
12,  0.45,  RELU,  MOMENTUM - ANNEALING,  44.756856392909334,  45.483624458356985, ,  47.05821783875978
13,  0.05,  SIGMOID,  ANNEALING,  36.275603875379986,  37.00389837619107,  36.57337077960569,  36.61762434372557
13,  0.05,  SIGMOID,  MOMENTUM - ANNEALING,  35.2139094994597,  34.45054183485444,  35.01529805898015,  34.89324979776477
13,  0.05,  TANH,  ANNEALING,  33.63295700967791,  33.67678543654474,  36.76187634519436,  34.69053959713901
13,  0.05,  TANH,  MOMENTUM - ANNEALING,  33.875494060407426,  33.94296745204659,  33.93019000161601,  33.91621717135667
13,  0.05,  RELU,  ANNEALING,  36.101986272934084,  36.168679446160674,  35.05875339375859,  35.776473037617784
13,  0.05,  RELU,  MOMENTUM - ANNEALING,  36.30779990048922,  36.59083089664597,  34.45785471740985,  35.78549517151501
13,  0.1,  SIGMOID,  ANNEALING,  35.11401868775758,  35.16800982283947,  34.9531758575706,  35.078401456055886
13,  0.1,  SIGMOID,  MOMENTUM - ANNEALING,  35.07835644220286,  33.33435856654499,  35.07461883464825,  34.4957779477987
13,  0.1,  TANH,  ANNEALING,  33.81499522501978,  33.918661013627705,  33.78636979533016,  33.84000867799255
13,  0.1,  TANH,  MOMENTUM - ANNEALING,  34.15487758829118,  34.34251825181664,  34.35876278420922,  34.285386208105685
13,  0.1,  RELU,  ANNEALING,  38.434470142267145,  39.63999129184889,  38.19164753420817,  38.755369656108066
13,  0.1,  RELU,  MOMENTUM - ANNEALING,  40.2773510243827,  41.50496285216779,  41.332065573470594,  41.03812648334036
13,  0.15,  SIGMOID,  ANNEALING,  34.656450783435226,  34.49671058213165,  34.788192300061695,  34.64711788854286
13,  0.15,  SIGMOID,  MOMENTUM - ANNEALING,  34.26463699967423,  34.27301012813029,  35.12128735187505,  34.55297815989319
13,  0.15,  TANH,  ANNEALING,  34.064609528408056,  33.87986318548146,  33.891125635998094,  33.94519944996254
13,  0.15,  TANH,  MOMENTUM - ANNEALING,  34.99748676178597,  34.945769473326855,  34.71453857519382,  34.88593160343555
13,  0.15,  RELU,  ANNEALING,  37.9280525817302,  40.06173874016497,  36.68642382660143,  38.22540504949887
13,  0.15,  RELU,  MOMENTUM - ANNEALING,  39.91071398506802,  34.567027746874835,  35.68673972550118,  36.72149381914801
13,  0.2,  SIGMOID,  ANNEALING,  34.39851340326574,  33.02784371927319,  34.59005784687876,  34.005471656472565
13,  0.2,  SIGMOID,  MOMENTUM - ANNEALING,  33.77085315200144,  35.093334480653446,  35.544167249483046,  34.80278496071264
13,  0.2,  TANH,  ANNEALING,  34.41644439282911,  34.26347578798782,  34.30127850539916,  34.327066228738694
13,  0.2,  TANH,  MOMENTUM - ANNEALING,  35.3102013954988,  35.38726097092887,  35.34003334072256,  35.345831902383416
13,  0.2,  RELU,  ANNEALING,  39.51915502614764,  38.13689630469255,  36.322034854292916,  37.992695395044365
13,  0.2,  RELU,  MOMENTUM - ANNEALING,  37.580225230195744,  38.21163445993213,  38.89432289359219,  38.228727527906685
13,  0.25,  SIGMOID,  ANNEALING,  35.004897816544315,  35.440145743619595,  33.98273891846675,  34.80926082621022
13,  0.25,  SIGMOID,  MOMENTUM - ANNEALING,  35.59894684401228,  34.297172195487875,  34.58927184663274,  34.82846362871096
13,  0.25,  TANH,  ANNEALING,  34.59849945831291,  34.49213376799073,  34.587657171530715,  34.55943013261145
13,  0.25,  TANH,  MOMENTUM - ANNEALING,  35.56446347354312,  35.332358676604144,  35.38435628438442,  35.42705947817723
13,  0.25,  RELU,  ANNEALING,  35.52575880651067,  36.82733565592819,  37.83049440251258,  36.72786295498381
13,  0.25,  RELU,  MOMENTUM - ANNEALING,  42.67665360900289,  37.70130958935012,  36.34487846422066,  38.907613887524555
13,  0.3,  SIGMOID,  ANNEALING,  34.86736443487207,  35.25109864560946,  35.13216440793528,  35.08354249613894
13,  0.3,  SIGMOID,  MOMENTUM - ANNEALING,  34.68124906011298,  34.59858978213104,  34.61629200655628,  34.63204361626677
13,  0.3,  TANH,  ANNEALING,  34.832187683170176,  34.993562817570584,  34.9683589311802,  34.93136981064032
13,  0.3,  TANH,  MOMENTUM - ANNEALING,  35.73286601096604,  35.259683548853,  35.35515939523146,  35.44923631835017
13,  0.3,  RELU,  ANNEALING,  37.291963424031536,  39.32484037820295, ,  48.87181255510126
13,  0.3,  RELU,  MOMENTUM - ANNEALING,  41.041316437142406,  35.94783240874249,  40.670846162634554,  39.21999833617315
13,  0.35,  SIGMOID,  ANNEALING,  35.47200280966881,  34.5143796118771,  34.7567464753548,  34.9143762989669
13,  0.35,  SIGMOID,  MOMENTUM - ANNEALING,  34.57244276859966,  35.14940094244465,  35.28595861519962,  35.00260077541464
13,  0.35,  TANH,  ANNEALING,  35.38616360337602,  35.2717711958546,  35.07431227606404,  35.24408235843155
13,  0.35,  TANH,  MOMENTUM - ANNEALING,  37.09422195351736,  35.419379195647544,  35.49358377176437,  36.0023949736431
13,  0.35,  RELU,  ANNEALING,  34.80006586990626,  37.04258271325416, ,  38.80969394436029
13,  0.35,  RELU,  MOMENTUM - ANNEALING,  39.67814539900009, ,  41.03506864557396,  42.94408179376864
13,  0.4,  SIGMOID,  ANNEALING,  33.39421557800043,  35.19913179513407,  33.69503222757172,  34.096126533568736
13,  0.4,  SIGMOID,  MOMENTUM - ANNEALING,  35.45216060928711,  34.93676014398896,  34.57547346137109,  34.98813140488239
13,  0.4,  TANH,  ANNEALING,  35.17823701694917,  35.479092400941504,  35.148249428326984,  35.26852628207255
13,  0.4,  TANH,  MOMENTUM - ANNEALING,  41.31825823777851,  39.85694160968878,  39.32447691308156,  40.16655892018295
13,  0.4,  RELU,  ANNEALING,  39.44785986080457,  39.45514590682268,  36.252546455626934,  38.385184074418056
13,  0.4,  RELU,  MOMENTUM - ANNEALING,  39.77219322550015, ,  33.05210284718999,  40.59687540638438
13,  0.45,  SIGMOID,  ANNEALING,  33.1269988536101,  35.005427392791916,  34.70433605305847,  34.27892076648683
13,  0.45,  SIGMOID,  MOMENTUM - ANNEALING,  34.84003999561778,  33.98533568148846,  35.201009944483026,  34.67546187386309
13,  0.45,  TANH,  ANNEALING,  35.32957281026825,  35.46450798660476,  35.492177455971614,  35.428752750948206
13,  0.45,  TANH,  MOMENTUM - ANNEALING,  39.55959908025017,  39.75984859880633,  40.99393743360407,  40.10446170422019
13,  0.45,  RELU,  ANNEALING,  36.484226311166196,  38.54327172688133, ,  39.60309390178461
13,  0.45,  RELU,  MOMENTUM - ANNEALING,  50.86052748990667, ,  50.645154064200334,  47.37720598339379
14,  0.05,  SIGMOID,  ANNEALING,  35.70088188642857,  37.1997279743793,  36.60929399680401,  36.50330128587063
14,  0.05,  SIGMOID,  MOMENTUM - ANNEALING,  34.447850318119556,  34.86389594909885,  35.00148312540842,  34.77107646420894
14,  0.05,  TANH,  ANNEALING,  33.81806555427077,  33.63797967759503,  33.62897374541121,  33.695006325759
14,  0.05,  TANH,  MOMENTUM - ANNEALING,  33.88281077395563,  33.86775536732846,  33.874330219172975,  33.87496545348569
14,  0.05,  RELU,  ANNEALING,  33.61803363112744,  32.86245191239418,  34.572850447479595,  33.68444533033374
14,  0.05,  RELU,  MOMENTUM - ANNEALING,  41.642759199722796,  37.89275312989018,  37.67913163680022,  39.0715479888044
14,  0.1,  SIGMOID,  ANNEALING,  34.874874075346625,  34.39380155843485,  34.46288986192627,  34.57718849856925
14,  0.1,  SIGMOID,  MOMENTUM - ANNEALING,  34.33122924816103,  33.74766969350596,  34.82479618385189,  34.30123170850629
14,  0.1,  TANH,  ANNEALING,  33.805747344353016,  33.74468145080651,  33.80944631637738,  33.786625037178965
14,  0.1,  TANH,  MOMENTUM - ANNEALING,  34.55861844301154,  34.32829656647003,  34.27833214239678,  34.38841571729278
14,  0.1,  RELU,  ANNEALING,  38.15721891468267,  40.86544131164594,  36.999905735600116,  38.674188653976245
14,  0.1,  RELU,  MOMENTUM - ANNEALING,  37.67125025118352,  35.43676855276161, ,  39.0743056712553
14,  0.15,  SIGMOID,  ANNEALING,  33.88007715677546,  34.87906975621629,  35.40373381787607,  34.720960243622606
14,  0.15,  SIGMOID,  MOMENTUM - ANNEALING,  35.2654022718271,  34.9560080337249,  34.87199973516122,  35.03113668023774
14,  0.15,  TANH,  ANNEALING,  34.09159623319043,  34.03571742398255,  34.05595732283208,  34.06109032666836
14,  0.15,  TANH,  MOMENTUM - ANNEALING,  34.623699611540495,  35.005502004231076,  34.672976134222914,  34.76739258333149
14,  0.15,  RELU,  ANNEALING,  37.32261230647649,  42.119744134258895,  36.43988811905055,  38.627414853261975
14,  0.15,  RELU,  MOMENTUM - ANNEALING,  31.304915178718442,  36.21910460786459, ,  37.0942708365558
14,  0.2,  SIGMOID,  ANNEALING,  34.83401834668409,  34.47763437488268,  34.72223602520431,  34.67796291559036
14,  0.2,  SIGMOID,  MOMENTUM - ANNEALING,  35.563936449206075,  36.06096835940978,  35.06314270733705,  35.56268250531763
14,  0.2,  TANH,  ANNEALING,  34.29746895552722,  34.12944411259224,  34.31372024146471,  34.24687776986139
14,  0.2,  TANH,  MOMENTUM - ANNEALING,  35.304518232450036,  35.382916782881495,  35.43993403762944,  35.375789684320324
14,  0.2,  RELU,  ANNEALING,  36.76982384845575,  36.93895932760765,  36.39013813690284,  36.69964043765541
14,  0.2,  RELU,  MOMENTUM - ANNEALING,  40.02629696380277,  39.08562104177778,  38.42285564548312,  39.178257883687884
14,  0.25,  SIGMOID,  ANNEALING,  34.67422505505346,  35.36460472770122,  34.967800507828535,  35.00221009686107
14,  0.25,  SIGMOID,  MOMENTUM - ANNEALING,  35.160546328603985,  35.080342712313865,  33.54290964542008,  34.59459956211264
14,  0.25,  TANH,  ANNEALING,  34.591676715215854,  35.31430639654929,  34.52432349373173,  34.810102201832294
14,  0.25,  TANH,  MOMENTUM - ANNEALING,  35.46022778608033,  35.5276914106444,  35.5828048239971,  35.52357467357394
14,  0.25,  RELU,  ANNEALING,  33.870625633220016,  36.05206682008903, ,  38.078474299107064
14,  0.25,  RELU,  MOMENTUM - ANNEALING,  41.33478779009843,  45.11845434137144,  37.920567656260744,  41.457936595910205
14,  0.3,  SIGMOID,  ANNEALING,  35.44706881389643,  34.59688137573597,  34.9591778420833,  35.001042677238566
14,  0.3,  SIGMOID,  MOMENTUM - ANNEALING,  35.27179814823491,  34.6500464617897,  35.9222724955931,  35.28137236853923
14,  0.3,  TANH,  ANNEALING,  34.94429142817768,  34.96195309157313,  34.86862305307551,  34.92495585760877
14,  0.3,  TANH,  MOMENTUM - ANNEALING,  35.8037837892645,  36.354493607492934,  35.3009719797578,  35.81974979217174
14,  0.3,  RELU,  ANNEALING,  36.58144507794528,  34.9628075360502,  34.48254280513972,  35.342265139711735
14,  0.3,  RELU,  MOMENTUM - ANNEALING, ,  41.10315153276276,  39.61318485768169,  37.286305976641124
14,  0.35,  SIGMOID,  ANNEALING,  34.87126606789149,  34.662966832055815,  34.63744817444534,  34.72389369146422
14,  0.35,  SIGMOID,  MOMENTUM - ANNEALING,  35.61796438437817,  34.50276597873373,  35.16523607588818,  35.09532214633336
14,  0.35,  TANH,  ANNEALING,  35.32399849726185,  35.1733650137301,  35.119737837044276,  35.20570044934541
14,  0.35,  TANH,  MOMENTUM - ANNEALING,  36.4701221035385,  38.92329111701236,  38.64669483553412,  38.01336935202833
14,  0.35,  RELU,  ANNEALING,  40.794870685217006,  39.23116408100971,  39.836191771464534,  39.95407551256375
14,  0.35,  RELU,  MOMENTUM - ANNEALING, ,  45.51287989855502,  52.17807663652078,  45.43364320015943
14,  0.4,  SIGMOID,  ANNEALING,  34.43313129085918,  35.742684389794725,  34.47330111728608,  34.883038932646656
14,  0.4,  SIGMOID,  MOMENTUM - ANNEALING,  35.369856005939134,  34.30314014001645,  35.37702855444748,  35.016674900134355
14,  0.4,  TANH,  ANNEALING,  35.20934042538352,  35.22652986691278,  35.46582608965621,  35.30056546065084
14,  0.4,  TANH,  MOMENTUM - ANNEALING,  41.413780598459276,  38.89853018170299,  40.27695038428765,  40.19642038814997
14,  0.4,  RELU,  ANNEALING,  43.8963988675689,  40.094231582147614, ,  39.60898308471612
14,  0.4,  RELU,  MOMENTUM - ANNEALING, ,  40.686950595233306,  43.637372665254034,  44.3340153350098
14,  0.45,  SIGMOID,  ANNEALING,  35.41961628211531,  34.16841488994109,  34.77852627605181,  34.78885248270273
14,  0.45,  SIGMOID,  MOMENTUM - ANNEALING,  34.81252901703117,  34.72521355383787,  33.8070774887894,  34.44827335321948
14,  0.45,  TANH,  ANNEALING,  35.593799022653876,  35.52108757808347,  35.60496647453197,  35.57328435842311
14,  0.45,  TANH,  MOMENTUM - ANNEALING,  39.788418897364785,  41.02929380190363,  39.81844651629246,  40.212053071853624
14,  0.45,  RELU,  ANNEALING,  43.22485337488378,  38.339443932281306,  42.056266569740174,  41.20685462563508
14,  0.45,  RELU,  MOMENTUM - ANNEALING,  49.099566333296195,  52.86383311409245, ,  48.268962688883356
15,  0.05,  SIGMOID,  ANNEALING,  36.90673672177342,  37.03836406913576,  36.41246488946015,  36.78585522678978
15,  0.05,  SIGMOID,  MOMENTUM - ANNEALING,  35.65894183084846,  35.28460853736928,  35.117796384398524,  35.35378225087209
15,  0.05,  TANH,  ANNEALING,  33.80660726623917,  34.25383419271897,  33.87125203234478,  33.97723116376764
15,  0.05,  TANH,  MOMENTUM - ANNEALING,  33.86551927407699,  33.882216597223845,  34.34538519031459,  34.03104035387181
15,  0.05,  RELU,  ANNEALING,  37.83528710710779,  34.39832208695329,  37.59994423062797,  36.61118447489635
15,  0.05,  RELU,  MOMENTUM - ANNEALING,  35.86698991809056,  33.802214757214735,  36.219459947972894,  35.29622154109273
15,  0.1,  SIGMOID,  ANNEALING,  35.42388926496083,  34.6479209836998,  34.83223211874099,  34.9680141224672
15,  0.1,  SIGMOID,  MOMENTUM - ANNEALING,  34.917556695956335,  34.19647327004173,  34.64965024676723,  34.587893404255105
15,  0.1,  TANH,  ANNEALING,  33.827573626286316,  33.789272942145004,  33.805664916238285,  33.807503828223204
15,  0.1,  TANH,  MOMENTUM - ANNEALING,  34.35245374961846,  34.19211788373579,  34.40791982808003,  34.31749715381142
15,  0.1,  RELU,  ANNEALING,  38.99809305678696,  38.4321207677193,  38.41092274085462,  38.61371218845363
15,  0.1,  RELU,  MOMENTUM - ANNEALING,  35.40528187302794,  40.78203525015833,  38.90409719616971,  38.36380477311866
15,  0.15,  SIGMOID,  ANNEALING,  35.39684137488001,  35.43004710422402,  34.79758401953428,  35.208157499546104
15,  0.15,  SIGMOID,  MOMENTUM - ANNEALING,  33.53450498212277,  33.29229951519207,  34.7715349005614,  33.86611313262541
15,  0.15,  TANH,  ANNEALING,  34.07957750459644,  34.05196284339273,  34.11415649351386,  34.08189894716768
15,  0.15,  TANH,  MOMENTUM - ANNEALING,  34.853807799543326,  34.87362830078335,  34.939949151289284,  34.88912841720532
15,  0.15,  RELU,  ANNEALING,  36.38999088785885,  35.62340189567287,  35.04930094189066,  35.68756457514079
15,  0.15,  RELU,  MOMENTUM - ANNEALING,  33.77236816079915,  36.71935263341687,  36.99811544781846,  35.82994541401149
15,  0.2,  SIGMOID,  ANNEALING,  35.38550032043838,  34.541117264447344,  35.47158616805929,  35.132734584315
15,  0.2,  SIGMOID,  MOMENTUM - ANNEALING,  33.72566250383171,  34.037321668201585,  35.77464342929833,  34.51254253377721
15,  0.2,  TANH,  ANNEALING,  34.181166797412935,  34.23737996914976,  34.21135644243933,  34.209967736334
15,  0.2,  TANH,  MOMENTUM - ANNEALING,  35.45090363290708,  34.976622346326536,  35.40377201002644,  35.277099329753355
15,  0.2,  RELU,  ANNEALING,  38.621036094788245,  33.934762172454114,  36.849236107458324,  36.46834479156689
15,  0.2,  RELU,  MOMENTUM - ANNEALING,  39.63413947834046,  40.958563046054145,  43.07110121680612,  41.22126791373358
15,  0.25,  SIGMOID,  ANNEALING,  35.36394600746819,  34.59945337663638,  34.227414166056406,  34.730271183386996
15,  0.25,  SIGMOID,  MOMENTUM - ANNEALING,  34.13000451942325,  34.83526755671118,  34.16328045696442,  34.37618417769962
15,  0.25,  TANH,  ANNEALING,  34.526220066324186,  34.684810038969886,  34.82490273201329,  34.67864427910246
15,  0.25,  TANH,  MOMENTUM - ANNEALING,  35.13602819680714,  35.57139085252788,  35.40736615020827,  35.37159506651443
15,  0.25,  RELU,  ANNEALING,  34.48557287462272,  36.63940340034535,  35.18712787756001,  35.4373680508427
15,  0.25,  RELU,  MOMENTUM - ANNEALING,  40.55042852815204, ,  39.7214779741087,  38.330027712875086
15,  0.3,  SIGMOID,  ANNEALING,  34.509253354358954,  34.30367571339577,  34.31177848135111,  34.374902516368614
15,  0.3,  SIGMOID,  MOMENTUM - ANNEALING,  35.29236906062921,  32.94418943108264,  34.446191028334546,  34.2275831733488
15,  0.3,  TANH,  ANNEALING,  35.06721500774764,  34.92900192479598,  34.96443162319618,  34.98688285191327
15,  0.3,  TANH,  MOMENTUM - ANNEALING,  36.402632082586706,  38.80639965304075,  36.67058179333923,  37.29320450965557
15,  0.3,  RELU,  ANNEALING,  32.95472670001173,  35.663170032012275, ,  38.65205921194686
15,  0.3,  RELU,  MOMENTUM - ANNEALING,  37.00665717546885,  36.867183294035705,  35.13565079578678,  36.33649708843044
15,  0.35,  SIGMOID,  ANNEALING,  35.40353603367874,  35.14057562349492,  33.37471386926595,  34.639608508813204
15,  0.35,  SIGMOID,  MOMENTUM - ANNEALING,  35.73798273985546,  34.927102172300806,  33.67980281212807,  34.78162924142811
15,  0.35,  TANH,  ANNEALING,  35.31892861940553,  34.92173577885818,  35.07680733789627,  35.105823912053324
15,  0.35,  TANH,  MOMENTUM - ANNEALING,  38.20386453100965,  37.817859069806254,  37.68435906547856,  37.90202755543149
15,  0.35,  RELU,  ANNEALING,  40.91728528242848,  40.15967842042087,  39.35155797994755,  40.14284056093231
15,  0.35,  RELU,  MOMENTUM - ANNEALING, ,  48.60782680681015,  38.12326315430353,  47.23728888699921
15,  0.4,  SIGMOID,  ANNEALING,  34.716106618867215,  34.223324976052524,  35.82774941313901,  34.922393669352914
15,  0.4,  SIGMOID,  MOMENTUM - ANNEALING,  33.80894722066483,  34.35597355788481,  32.59887128925933,  33.587930689269655
15,  0.4,  TANH,  ANNEALING,  35.24778667699825,  35.360752817500874,  35.496936483954336,  35.368491992817816
15,  0.4,  TANH,  MOMENTUM - ANNEALING,  39.391113475642356,  39.13364376025409,  39.808652716824774,  39.444469984240406
15,  0.4,  RELU,  ANNEALING,  42.952926507282285, ,  39.83898266356523,  38.146236229470276
15,  0.4,  RELU,  MOMENTUM - ANNEALING,  38.5183864209461, ,  39.21503967864906,  41.490583670579404
15,  0.45,  SIGMOID,  ANNEALING,  35.103480209204236,  35.35401349861475,  35.34405992296339,  35.26718454359412
15,  0.45,  SIGMOID,  MOMENTUM - ANNEALING,  34.363297942093695,  34.267379581968385,  34.64406120055105,  34.42491290820438
15,  0.45,  TANH,  ANNEALING,  35.56532266253138,  35.55252563015845,  35.266711940256556,  35.46152007764879
15,  0.45,  TANH,  MOMENTUM - ANNEALING,  39.387664886567705,  40.044763977987174,  39.02663510603818,  39.48635465686436
15,  0.45,  RELU,  ANNEALING,  36.48081694465688,  38.12411343544278,  39.570308138610386,  38.05841283957002
15,  0.45,  RELU,  MOMENTUM - ANNEALING, ,  47.11754912100041,  48.16868538214931,  50.090845654850455
16,  0.05,  SIGMOID,  ANNEALING,  36.51218700546986,  36.33832943178127,  36.954517450229645,  36.60167796249359
16,  0.05,  SIGMOID,  MOMENTUM - ANNEALING,  35.37031081655313,  35.44026316153453,  34.931009513983085,  35.247194497356915
16,  0.05,  TANH,  ANNEALING,  33.81003770567475,  34.13841858580342,  34.996884184144854,  34.31511349187434
16,  0.05,  TANH,  MOMENTUM - ANNEALING,  33.8539752667939,  33.87108265912406,  33.869821813030754,  33.864959912982904
16,  0.05,  RELU,  ANNEALING,  34.840092221470314,  37.02662906340609,  34.197471610333594,  35.35473096507
16,  0.05,  RELU,  MOMENTUM - ANNEALING,  38.934511128948415,  36.24669210565204,  34.66582387798995,  36.615675704196796
16,  0.1,  SIGMOID,  ANNEALING,  34.659613711473646,  34.9583404758059,  34.257938454061104,  34.62529754711355
16,  0.1,  SIGMOID,  MOMENTUM - ANNEALING,  34.064079043597836,  35.39468384857826,  34.579145065152275,  34.67930265244279
16,  0.1,  TANH,  ANNEALING,  34.15179997357286,  33.82821137328176,  33.77822550642525,  33.91941228442662
16,  0.1,  TANH,  MOMENTUM - ANNEALING,  34.32533798883112,  34.36407391790316,  34.37180762819747,  34.35373984497725
16,  0.1,  RELU,  ANNEALING,  29.6943617445894, ,  30.363427708984947,  32.344220759832844
16,  0.1,  RELU,  MOMENTUM - ANNEALING,  37.14296441798444,  37.19273267538037,  36.21108892779564,  36.84892867372015
16,  0.15,  SIGMOID,  ANNEALING,  34.59274099313587,  35.41219340999348,  34.97683108700955,  34.9939218300463
16,  0.15,  SIGMOID,  MOMENTUM - ANNEALING,  35.35149966315238,  33.90539906745234,  35.076226871174704,  34.77770853392647
16,  0.15,  TANH,  ANNEALING,  33.95154755497947,  34.10691477348178,  33.8196455024953,  33.95936927698551
16,  0.15,  TANH,  MOMENTUM - ANNEALING,  34.835361700092484,  34.87625751124966,  34.77095452824033,  34.82752457986083
16,  0.15,  RELU,  ANNEALING,  40.653742815619864,  34.239117089557766,  37.89100353890249,  37.594621148026704
16,  0.15,  RELU,  MOMENTUM - ANNEALING,  43.115739638771586,  41.26232591983355,  37.411655797725956,  40.596573785443695
16,  0.2,  SIGMOID,  ANNEALING,  34.98802971476331,  35.201757949195574,  34.71655309616851,  34.9687802533758
16,  0.2,  SIGMOID,  MOMENTUM - ANNEALING,  35.324716846089785,  34.524464075256994,  35.697399683890424,  35.182193535079065
16,  0.2,  TANH,  ANNEALING,  34.311483610048576,  34.22412089131762,  34.27014374394327,  34.26858274843649
16,  0.2,  TANH,  MOMENTUM - ANNEALING,  35.25061984976365,  35.512813414484825,  35.288715983798014,  35.350716416015494
16,  0.2,  RELU,  ANNEALING,  31.794315146061006,  32.05853266294724,  33.95784527496298,  32.60356436132374
16,  0.2,  RELU,  MOMENTUM - ANNEALING,  34.35549511209782,  35.16901811484094, ,  36.94995266786102
16,  0.25,  SIGMOID,  ANNEALING,  35.19863222006571,  32.831408081997964,  34.09348008632611,  34.04117346279659
16,  0.25,  SIGMOID,  MOMENTUM - ANNEALING,  34.37598449141433,  33.901847690168985,  34.450073257346574,  34.24263514630996
16,  0.25,  TANH,  ANNEALING,  34.58587375461847,  34.662802611999176,  34.50754639577711,  34.58540758746492
16,  0.25,  TANH,  MOMENTUM - ANNEALING,  35.202689232836505,  35.31926814943674,  35.449875103296726,  35.32394416185665
16,  0.25,  RELU,  ANNEALING,  32.72924826927394,  34.573076830708864,  36.39826656372789,  34.56686388790356
16,  0.25,  RELU,  MOMENTUM - ANNEALING,  40.008918659707895,  40.29064992466939,  38.73305365637157,  39.677540746916286
16,  0.3,  SIGMOID,  ANNEALING,  34.982744334018776,  34.042183860720776,  34.84909647187918,  34.62467488887291
16,  0.3,  SIGMOID,  MOMENTUM - ANNEALING,  34.64783725242395,  35.4499030936745,  34.787620690159486,  34.96178701208598
16,  0.3,  TANH,  ANNEALING,  34.70909153509626,  34.905161557439385,  34.815727234911215,  34.80999344248229
16,  0.3,  TANH,  MOMENTUM - ANNEALING,  38.440162668905955,  41.261412775128164,  36.923373304363665,  38.874982916132595
16,  0.3,  RELU,  ANNEALING, ,  35.60996393882472,  34.83766119168513,  56.212826580379975
16,  0.3,  RELU,  MOMENTUM - ANNEALING,  36.982617226928376, ,  36.3073194900175,  40.85649219552389
16,  0.35,  SIGMOID,  ANNEALING,  35.33497503900629,  33.5558557184127,  33.319828478053495,  34.070219745157495
16,  0.35,  SIGMOID,  MOMENTUM - ANNEALING,  35.92518747983358,  34.273676197071865,  34.655152887694484,  34.95133885486664
16,  0.35,  TANH,  ANNEALING,  35.29099660329469,  35.36971468135274,  35.419678624567595,  35.36012996973834
16,  0.35,  TANH,  MOMENTUM - ANNEALING,  37.04134223105721,  38.511428954294686,  38.23975411200018,  37.93084176578403
16,  0.35,  RELU,  ANNEALING,  36.69618526881269,  34.847890160333485,  39.30489003387654,  36.94965515434091
16,  0.35,  RELU,  MOMENTUM - ANNEALING,  40.17768860957689,  44.62316702357205,  38.75379318127498,  41.18488293814131
16,  0.4,  SIGMOID,  ANNEALING,  35.83365940068178,  35.83447117907588,  35.55971455528985,  35.74261504501584
16,  0.4,  SIGMOID,  MOMENTUM - ANNEALING,  35.203445926876476,  34.680210272145224,  34.36209623052577,  34.74858414318249
16,  0.4,  TANH,  ANNEALING,  35.19878513038593,  35.21639898710725,  35.55449935722847,  35.323227824907214
16,  0.4,  TANH,  MOMENTUM - ANNEALING,  39.32296351638188,  39.81756663549568,  40.33823315234219,  39.826254434739916
16,  0.4,  RELU,  ANNEALING,  36.694175270797174,  35.872486216717725,  40.84399456766124,  37.80355201839205
16,  0.4,  RELU,  MOMENTUM - ANNEALING,  42.556765776187866, ,  34.764831734228515,  42.41596584740725
16,  0.45,  SIGMOID,  ANNEALING,  34.212583210988534,  34.56423782959267,  35.06312731627873,  34.613316118953314
16,  0.45,  SIGMOID,  MOMENTUM - ANNEALING,  34.34229699699825,  35.29253187726883,  34.83698918211713,  34.823939352128065
16,  0.45,  TANH,  ANNEALING,  35.65826876061368,  35.35807394254616,  35.16426105938596,  35.39353458751526
16,  0.45,  TANH,  MOMENTUM - ANNEALING,  40.2728026247075,  40.3793357989907,  39.96681498117464,  40.20631780162429
16,  0.45,  RELU,  ANNEALING, ,  41.424607494422474,  44.023404047085336,  40.58587829308161
16,  0.45,  RELU,  MOMENTUM - ANNEALING, ,  58.90374877514316,  50.26846819351938,  50.15822782852538
